Umbrella_Name,Fund_Name,Fund_Class,Valuation_Date,BASECurrency,QUOTCurrency,NAV_per_unit,Previous_NAV_per_unit,Change_in_NAV_per_unit,Change_Percent_in_NAV_per_unit,Client_Offer_Price,Client_Offer_Percentage,Income_Aktien,Total_NAV_per_Class_Base_Ccy,Total_Net_Assets_per_Class_MIL,Units_In_Issue,DIV_Flag,Cutas,FT,ISIN,BloombergTicker,VN,FMSedols,ISESedols,EuroClearCedel,Bundesamt,Sicovam,AFCCodes,WKN,Annualised_1_Day_Yield,clio_fund_id,Distribution_rate_per_share,Accum_Deemed_Distrib,Cap_Per_Unit,Inc_Per_Unit,Fund_Title,IFAST_account_number,IFAST_account_class,Income_Zwish,Unrounded_Quotations_NAV,Unrounded_Base_NAV,Exchange_Rate,ExpenseRatio,DividendtoMonthMethod,FundType,AccrualDate,MillRate,DailyDividend,DividendMonthtodate,DayYield1,DayYield7,DayYield30,MCH_account_number,MCH_account_class,Income_IG,Total_NAV_Per_Fund,AG2,TIS,TID,CUSIP,EndofRow,
PRINCIPAL GLOBAL INVESTOR FUNDS,PGIF European Responsible Equity Fund,USD A Class Accumulation,05/05/2023,USD,USD,108.24,106.98,1.26,1.18,,,.00,25073981.89,25.07,231648.116,XD,EEA,BBEGAN,IE0001148372,PIFEGFA ID,514304,,0114837,7720726,,,,986041,,308,,,,,PGIF European Responsible Equity Fund,PEEF,A,.0000,108.241683,108.241683,1.000000,n/a,n/a,n/a,n/a,n/a,n/a,n/a,n/a,n/a,n/a,PRA2,C,0,125372503,.000000000,.000000,.000000000,G7244L206,EndofRow,
PRINCIPAL GLOBAL INVESTOR FUNDS,PGIF European Responsible Equity Fund,USD A Class Income,05/05/2023,USD,USD,81.25,80.31,.94,1.17,,,.00,3082815.25,3.08,37940.248,XD,EEI,BBEGRN,IE0000712996,PIFEGFI ID,116285,,0071299,7720661,,,,986040,,309,,,,,PGIF European Responsible Equity Fund,PEEF,I,.0000,81.254483,81.254483,1.000000,n/a,n/a,n/a,n/a,n/a,n/a,n/a,n/a,n/a,n/a,PRA2,B,0,125372503,.000000000,.000000,.000000000,G7244L214,EndofRow,
PRINCIPAL GLOBAL INVESTOR FUNDS,PGIF European Responsible Equity Fund,USD I Class Accumulation,05/05/2023,USD,USD,39.55,39.09,.46,1.18,,,.00,4635947.79,4.64,117214.541,XD,EENA,BBIEEA,IE0002490963,PIFEEIA ID,860549,,0249096,8831122,,,,987946,,310,,,,,PGIF European Responsible Equity Fund,PEEF,NA,.0000,39.550961,39.550961,1.000000,n/a,n/a,n/a,n/a,n/a,n/a,n/a,n/a,n/a,n/a,PRA2,D,0,125372503,.000000000,.000000,.000000000,,EndofRow,
PRINCIPAL GLOBAL INVESTOR FUNDS,PGIF European Responsible Equity Fund,EUR I Class Accumulation,05/05/2023,USD,EUR,23.03,22.77,.26,1.14,,,.00,6689150.69,6.69,263925.651,,,,IE00B60S0X89,PIFEQIA ID,11492508,,B60S0X8,,,,,A1XCJ6,,,,,,,PGIF European Responsible Equity Fund,PEEF,,.0000,23.027605,25.344830,.908572,n/a,n/a,n/a,n/a,n/a,n/a,n/a,n/a,n/a,n/a,PRA2,I,0,125372503,.000000000,.000000,.000000000,,EndofRow,
PRINCIPAL GLOBAL INVESTOR FUNDS,PGIF European Responsible Equity Fund,SGD Hedged I Class Accumulation,05/05/2023,USD,SGD,10.37,10.25,.12,1.17,,,.00,85890607.80,85.89,10981635.080,,,,IE000OD76VU9,PRGEEIH ID,,,BN0XRT7,,,,,A3DGK9,,,,,,,PGIF European Responsible Equity Fund,,,.0000,10.367951,7.821295,1.325605,n/a,n/a,n/a,n/a,n/a,n/a,n/a,n/a,n/a,n/a,,,0,125372503,.000000000,.000000,.000000000,,EndofRow,
PRINCIPAL GLOBAL INVESTOR FUNDS,PGIF Global High Yield Fund,USD A Class Accumulation,05/05/2023,USD,USD,20.43,20.39,.04,.20,,,.00,19988376.47,19.99,978434.818,X,PHYFU,,IE00B0Z1BD73,PIFHYIA ID,2451193,,B1YQ5W7,24593215,,,,A0JDN1,,1354,,,,,PGIF Global High Yield Fund,PHYF,AU,.0000,20.428930,20.428930,1.000000,n/a,n/a,n/a,n/a,n/a,n/a,n/a,n/a,n/a,n/a,PRA9,B,0,225290331,.000000000,.000000,.000000000,G7244T340,EndofRow,
PRINCIPAL GLOBAL INVESTOR FUNDS,PGIF Global High Yield Fund,USD A Class Income,05/05/2023,USD,USD,8.53,8.51,.02,.24,,,.00,1122629.02,1.12,131614.580,,,,IE00B1YLT193,PIFIEAI ID,4769628,,B1YLT19,,,,,A12HVK,,,,,,,PGIF Global High Yield Fund,,,.0000,8.529671,8.529671,1.000000,n/a,n/a,n/a,n/a,n/a,n/a,n/a,n/a,n/a,n/a,,,0,225290331,.000000000,.000000,.000000000,G7244L 768,EndofRow,
PRINCIPAL GLOBAL INVESTOR FUNDS,PGIF Global High Yield Fund,USD D Class Accumulation,05/05/2023,USD,USD,12.87,12.84,.03,.23,,,.00,42555.62,.04,3307.499,,,,IE00B3XZ1S74,PRHYDDA ID,,,B3XZ1S7,,,,,A14Z03,,,,,,,PGIF Global High Yield Fund,,,.0000,12.866404,12.866404,1.000000,n/a,n/a,n/a,n/a,n/a,n/a,n/a,n/a,n/a,n/a,,,0,225290331,.000000000,.000000,.000000000,G7244T 274,EndofRow,
PRINCIPAL GLOBAL INVESTOR FUNDS,PGIF Global High Yield Fund,USD I Class Accumulation,05/05/2023,USD,USD,29.77,29.72,.05,.17,,,.00,54431965.88,54.43,1828343.536,XD,PHYNA,Q2HYIA,IE00B00JW110,PIFHYAC ID,1828472,,B1YQ5X8,19253511,,,,A0B989,,907,,,,,PGIF Global High Yield Fund,PHYF,NA,.0000,29.771192,29.771192,1.000000,n/a,n/a,n/a,n/a,n/a,n/a,n/a,n/a,n/a,n/a,PRA9,D,0,225290331,.000000000,.000000,.000000000,G7244L 156,EndofRow,
PRINCIPAL GLOBAL INVESTOR FUNDS,PGIF Global High Yield Fund,USD N Class Accumulation Units,05/05/2023,USD,USD,10.27,10.25,.02,.20,,,.00,1027.19,.00,100.000,,,,IE00BD0Q8P95,PGIHYNA ID,,,BD0Q8P9,,,,,A2PM6W,,,,,,,PGIF Global High Yield Fund,,,.0000,10.271900,10.271900,1.000000,n/a,n/a,n/a,n/a,n/a,n/a,n/a,n/a,n/a,n/a,,,0,225290331,.000000000,.000000,.000000000,,EndofRow,
PRINCIPAL GLOBAL INVESTOR FUNDS,PGIF Global High Yield Fund,USD N Class Income Units,05/05/2023,USD,USD,9.10,9.09,.01,.11,,,.00,99350.35,.10,10913.680,,,,IE00BD0Q8Q03,PGIHYNI ID,,,BD0Q8Q0,,,,,A2PDH5,,,,,,,PGIF Global High Yield Fund,,,.0000,9.103286,9.103286,1.000000,n/a,n/a,n/a,n/a,n/a,n/a,n/a,n/a,n/a,n/a,,,0,225290331,.000000000,.000000,.000000000,,EndofRow,
PRINCIPAL GLOBAL INVESTOR FUNDS,PGIF Global High Yield Fund,USD I Class Income,05/05/2023,USD,USD,8.74,8.73,.01,.11,,,.00,29418444.52,29.42,3365029.923,,,,IE00B8808032,PRHYIIE ID,,,B880803,,,,,A2H7EU,,,,,,,PGIF Global High Yield Fund,,,.0000,8.742402,8.742402,1.000000,n/a,n/a,n/a,n/a,n/a,n/a,n/a,n/a,n/a,n/a,,,0,225290331,.000000000,.000000,.000000000,,EndofRow,
PRINCIPAL GLOBAL INVESTOR FUNDS,PGIF Global High Yield Fund,D2 INCOME PLUS UNITS,05/05/2023,USD,USD,8.67,8.66,.01,.12,,,.00,426587.70,.43,49181.680,,,,IE00BKHY2640,PGHD2PU ID,,,BKHY264,,,,,A2P6BJ,,,,,,,PGIF Global High Yield Fund,,,.0000,8.673711,8.673711,1.000000,n/a,n/a,n/a,n/a,n/a,n/a,n/a,n/a,n/a,n/a,,,0,225290331,.000000000,.000000,.000000000,,EndofRow,
PRINCIPAL GLOBAL INVESTOR FUNDS,PGIF Global High Yield Fund,EUR Hedged I Class Accumulation,05/05/2023,USD,EUR,9.19,9.17,.02,.22,,,.00,9555896.11,9.56,944816.848,,,,IE00B1FH2G27,PIFIEHA ID,2719257,,B1YQ7R6,,,,,A0LBDZ,,,,,,,PGIF Global High Yield Fund,,,.0000,9.189316,10.114020,.908572,n/a,n/a,n/a,n/a,n/a,n/a,n/a,n/a,n/a,n/a,,,0,225290331,.000000000,.000000,.000000000,,EndofRow,
PRINCIPAL GLOBAL INVESTOR FUNDS,PGIF Global High Yield Fund,BRL Hedged I Class  Accumulation,05/05/2023,USD,BRL,56.40,56.27,.13,.23,,,.00,2505494.03,2.51,220638.467,,,,IE00B8RBX799,PIFIHAU ID,21064795,,B8RBX79,,,,,A14Z01,,,,,,,PGIF Global High Yield Fund,,,.0000,56.402942,11.355654,4.966948,n/a,n/a,n/a,n/a,n/a,n/a,n/a,n/a,n/a,n/a,,,0,225290331,.000000000,.000000,.000000000,,EndofRow,
PRINCIPAL GLOBAL INVESTOR FUNDS,PGIF Global High Yield Fund,AUD Hedged A Class Income,05/05/2023,USD,AUD,11.22,11.20,.02,.18,,,.00,476669.41,.48,62992.039,,,,IE00BP4VMB80,PIFHYAU ID,,,BP4VMB8,,,,,A14Z02,,,,,,,PGIF Global High Yield Fund,,,.0000,11.223103,7.567137,1.483137,n/a,n/a,n/a,n/a,n/a,n/a,n/a,n/a,n/a,n/a,,,0,225290331,.000000000,.000000,.000000000,,EndofRow,
PRINCIPAL GLOBAL INVESTOR FUNDS,PGIF Global High Yield Fund,Euro Hedged N Class Income Units,05/05/2023,USD,EUR,8.36,8.35,.01,.12,,,.00,6886758.95,6.89,748253.906,,,,IE00BD0Q8S27,PIFHYIE ID,,,BD0Q8S2,,,,,A2PDH2,,,,,,,PGIF Global High Yield Fund,,,.0000,8.362291,9.203773,.908572,n/a,n/a,n/a,n/a,n/a,n/a,n/a,n/a,n/a,n/a,,,0,225290331,.000000000,.000000,.000000000,,EndofRow,
PRINCIPAL GLOBAL INVESTOR FUNDS,PGIF Global High Yield Fund,CHF Hedged I Class Acc Units,05/05/2023,USD,CHF,95.72,95.55,.17,.18,,,.00,79020292.81,79.02,736903.621,,,,IE00BD1K3K05,PRHYIAU ID,,,BD1K3K0,,,,,A2JNGJ,,,,,,,PGIF Global High Yield Fund,,,.0000,95.720415,107.232874,.892641,n/a,n/a,n/a,n/a,n/a,n/a,n/a,n/a,n/a,n/a,,,0,225290331,.000000000,.000000,.000000000,,EndofRow,
PRINCIPAL GLOBAL INVESTOR FUNDS,PGIF Global High Yield Fund,HONG KONG DOLLAR D2 INCOME PLUS UNITS,05/05/2023,USD,HKD,8.79,8.77,.02,.23,,,.00,412504.81,.41,368323.512,,,,IE00BKHY2756,PGHD2PH ID,,,BKHY275,,,,,A2P6BH,,,,,,,PGIF Global High Yield Fund,,,.0000,8.788828,1.119952,7.847501,n/a,n/a,n/a,n/a,n/a,n/a,n/a,n/a,n/a,n/a,,,0,225290331,.000000000,.000000,.000000000,,EndofRow,
PRINCIPAL GLOBAL INVESTOR FUNDS,PGIF Global High Yield Fund,D Class Income Units,05/05/2023,USD,USD,9.04,9.02,.02,.22,,,.00,1008.32,.00,111.548,,,,IE00B40N6N13,PRGHYDU ID,,,B40N6N1,,,,,A2QHZ4,,,,,,,PGIF Global High Yield Fund,,,.0000,9.039337,9.039337,1.000000,n/a,n/a,n/a,n/a,n/a,n/a,n/a,n/a,n/a,n/a,,,0,225290331,.000000000,.000000,.000000000,,EndofRow,
PRINCIPAL GLOBAL INVESTOR FUNDS,PGIF Global High Yield Fund,USD F Class Accumulation,05/05/2023,USD,USD,12.73,12.71,.02,.16,,,.00,20900769.66,20.90,1641426.769,,,,IE00BYZJC703,PRHYUFA ID,,,BYZJC70,,,,,A2JNGH,,,,,,,PGIF Global High Yield Fund,,,.0000,12.733294,12.733294,1.000000,n/a,n/a,n/a,n/a,n/a,n/a,n/a,n/a,n/a,n/a,,,0,225290331,.000000000,.000000,.000000000,,EndofRow,
PRINCIPAL GLOBAL INVESTOR FUNDS,PGIF Global Property Securities Fund,USD I Class Accumulation,05/05/2023,USD,USD,29.56,29.14,.42,1.44,,,.00,227240503.07,227.24,7686261.568,,,,IE00B62LQD71,PIFGUIA ID,11324005,,B62LQD7,,,,,A1JBGP,,,,,,,PGIF GLOBAL PROPERTY SECURITIES FUND,PGPS,IA,.0000,29.564503,29.564503,1.000000,n/a,n/a,n/a,n/a,n/a,n/a,n/a,n/a,n/a,n/a,,,0,517319783,.000000000,.000000,.000000000,,EndofRow,
PRINCIPAL GLOBAL INVESTOR FUNDS,PGIF Global Property Securities Fund,USD I2 Class Income,05/05/2023,USD,USD,10.94,10.79,.15,1.39,,,.00,50440938.12,50.44,4608675.583,,,,IE00BN326X83,PIFI2UI ID,24815911,,BN326X8,,,,,A14Z04,,,,,,,PGIF GLOBAL PROPERTY SECURITIES FUND,,,.0000,10.944780,10.944780,1.000000,n/a,n/a,n/a,n/a,n/a,n/a,n/a,n/a,n/a,n/a,,,0,517319783,.000000000,.000000,.000000000,,EndofRow,
PRINCIPAL GLOBAL INVESTOR FUNDS,PGIF Global Property Securities Fund,USD A Class Accumulation,05/05/2023,USD,USD,9.89,9.75,.14,1.44,,,.00,4806519.88,4.81,485843.338,,,,IE00B62KPK41,PIFGAAU ID,,,B62KPK4,,,,,A2JMB2,,,,,,,PGIF GLOBAL PROPERTY SECURITIES FUND,,,.0000,9.893148,9.893148,1.000000,n/a,n/a,n/a,n/a,n/a,n/a,n/a,n/a,n/a,n/a,,,0,517319783,.000000000,.000000,.000000000,,EndofRow,
PRINCIPAL GLOBAL INVESTOR FUNDS,PGIF Global Property Securities Fund,F Class Accumulation Units,05/05/2023,USD,USD,10.56,10.41,.15,1.44,,,.00,17838652.91,17.84,1688746.113,,,,IE00B48H0774,GLPSUFA ID,,,B48H077,,,,,A2JNGK,,,,,,,PGIF GLOBAL PROPERTY SECURITIES FUND,,,.0000,10.563253,10.563253,1.000000,n/a,n/a,n/a,n/a,n/a,n/a,n/a,n/a,n/a,n/a,,,0,517319783,.000000000,.000000,.000000000,,EndofRow,
PRINCIPAL GLOBAL INVESTOR FUNDS,PGIF Global Property Securities Fund,P Class Accumulation Units,05/05/2023,USD,USD,9.37,9.23,.14,1.52,,,.00,479290.00,.48,51163.204,,,,IE00BWX5QX00,PIFGPPU ID,,,BWX5QX0,,,,,A2PM6Y,,,,,,,PGIF GLOBAL PROPERTY SECURITIES FUND,,,.0000,9.367865,9.367865,1.000000,n/a,n/a,n/a,n/a,n/a,n/a,n/a,n/a,n/a,n/a,,,0,517319783,.000000000,.000000,.000000000,,EndofRow,
PRINCIPAL GLOBAL INVESTOR FUNDS,PGIF Global Property Securities Fund,USD D2 Class Income Units,05/05/2023,USD,USD,7.80,7.69,.11,1.43,,,.00,291084.73,.29,37324.565,,,,IE00BYM2LR54,PRGPSDU ID,,,BYM2LR5,,,,,A2PWXG,,,,,,,PGIF GLOBAL PROPERTY SECURITIES FUND,,,.0000,7.798744,7.798744,1.000000,n/a,n/a,n/a,n/a,n/a,n/a,n/a,n/a,n/a,n/a,,,0,517319783,.000000000,.000000,.000000000,,EndofRow,
PRINCIPAL GLOBAL INVESTOR FUNDS,PGIF Global Property Securities Fund,USD Hedged I Class Accumulation,05/05/2023,USD,USD,13.64,13.45,.19,1.41,,,.00,164647.72,.16,12073.463,,,,IE00B1W57P38,PIFGPSU ID,3071326,,B1W57P3,,,,,A0MQL4,,,,,,,PGIF GLOBAL PROPERTY SECURITIES FUND,PGPS,NA,.0000,13.637158,13.637158,1.000000,n/a,n/a,n/a,n/a,n/a,n/a,n/a,n/a,n/a,n/a,,,0,517319783,.000000000,.000000,.000000000,,EndofRow,
PRINCIPAL GLOBAL INVESTOR FUNDS,PGIF Global Property Securities Fund,USD N Class Accumulation,05/05/2023,USD,USD,9.23,9.10,.13,1.43,,,.00,13154890.90,13.15,1425616.338,,,,IE00BD0G6119,PIFGPSN ID,,,BD0G611,,,,,A2PL4J,,,,,,,PGIF GLOBAL PROPERTY SECURITIES FUND,,,.0000,9.227511,9.227511,1.000000,n/a,n/a,n/a,n/a,n/a,n/a,n/a,n/a,n/a,n/a,,,0,517319783,.000000000,.000000,.000000000,,EndofRow,
PRINCIPAL GLOBAL INVESTOR FUNDS,PGIF Global Property Securities Fund,USD N Class Inc,05/05/2023,USD,USD,9.66,9.52,.14,1.47,,,.00,22491542.88,22.49,2327846.988,,,,IE00BD0G6226,PPSCHAI ID,,,BD0G622,,,,,A2JRGY,,,,,,,PGIF GLOBAL PROPERTY SECURITIES FUND,,,.0000,9.661951,9.661951,1.000000,n/a,n/a,n/a,n/a,n/a,n/a,n/a,n/a,n/a,n/a,,,0,517319783,.000000000,.000000,.000000000,,EndofRow,
PRINCIPAL GLOBAL INVESTOR FUNDS,PGIF Global Property Securities Fund,A2 Class Income Units,05/05/2023,USD,USD,8.44,8.32,.12,1.44,,,.00,77568.54,.08,9185.618,,,,IE00BD5DGX97,PRGPA2U ID,,,BD5DGX9,,,,,A2P1D0,,,,,,,PGIF GLOBAL PROPERTY SECURITIES FUND,,,.0000,8.444564,8.444564,1.000000,n/a,n/a,n/a,n/a,n/a,n/a,n/a,n/a,n/a,n/a,,,0,517319783,.000000000,.000000,.000000000,,EndofRow,
PRINCIPAL GLOBAL INVESTOR FUNDS,PGIF Global Property Securities Fund,USD I Class Income (Quarterly Gross) ,05/05/2023,USD,USD,7.47,7.36,.11,1.49,,,.00,486277.02,.49,65104.594,,,,IE000VMQX5X1,PRGPSIU ID,,,BMH43M1,,,,,A3CZKZ,,,,,,,PGIF GLOBAL PROPERTY SECURITIES FUND,,,.0000,7.469166,7.469166,1.000000,n/a,n/a,n/a,n/a,n/a,n/a,n/a,n/a,n/a,n/a,,,0,517319783,.000000000,.000000,.000000000,,EndofRow,
PRINCIPAL GLOBAL INVESTOR FUNDS,PGIF Global Property Securities Fund,A2 Class Income Plus (Quarterly) Units,05/05/2023,USD,USD,7.42,7.32,.10,1.37,,,.00,3429493.15,3.43,462034.714,,,,IE000P6RNBT2,PRGPSAU ID,,,BMH43N2,,,,,A3C8LX,,,,,,,PGIF GLOBAL PROPERTY SECURITIES FUND,,,.0000,7.422588,7.422588,1.000000,n/a,n/a,n/a,n/a,n/a,n/a,n/a,n/a,n/a,n/a,,,0,517319783,.000000000,.000000,.000000000,,EndofRow,
PRINCIPAL GLOBAL INVESTOR FUNDS,PGIF Global Property Securities Fund,USD D2 Income Plus (Gross) Units,05/05/2023,USD,USD,8.46,8.34,.12,1.44,,,.00,878.25,.00,103.779,,,,IE000ZGU83A8,PIFFKGD ID,,,BPNZVR0,,,,,A3DGK9,,,,,,,PGIF GLOBAL PROPERTY SECURITIES FUND,,,.0000,8.462695,8.462695,1.000000,n/a,n/a,n/a,n/a,n/a,n/a,n/a,n/a,n/a,n/a,,,0,517319783,.000000000,.000000,.000000000,,EndofRow,
PRINCIPAL GLOBAL INVESTOR FUNDS,PGIF Global Property Securities Fund,GBP Hedged I Class Accumulation,05/05/2023,USD,GBP,10.48,10.33,.15,1.45,,,.00,456416.89,.46,34531.724,,,,IE00B1W57T75,PIFGPSG ID,3071285,,B1W57T7,,,,,A0MQL6,,,,,,,PGIF GLOBAL PROPERTY SECURITIES FUND,PGPS,GS,.0000,10.476219,13.217321,.792613,n/a,n/a,n/a,n/a,n/a,n/a,n/a,n/a,n/a,n/a,,,0,517319783,.000000000,.000000,.000000000,,EndofRow,
PRINCIPAL GLOBAL INVESTOR FUNDS,PGIF Global Property Securities Fund,EUR Hedged I Class Accumulation,05/05/2023,USD,EUR,8.63,8.51,.12,1.41,,,.00,64468151.11,64.47,6784718.473,,,,IE00B1W57R51,PIFGPSE ID,3071330,,B1W57R5,,,,,A0MQL5,,,,,,,PGIF GLOBAL PROPERTY SECURITIES FUND,PGPS,ES,.0000,8.633220,9.501964,.908572,n/a,n/a,n/a,n/a,n/a,n/a,n/a,n/a,n/a,n/a,,,0,517319783,.000000000,.000000,.000000000,,EndofRow,
PRINCIPAL GLOBAL INVESTOR FUNDS,PGIF Global Property Securities Fund,EUR Hedged A Accumulation,05/05/2023,USD,EUR,8.49,8.37,.12,1.43,,,.00,464637.14,.46,49751.867,,,,IE00B1W57Q45,PIFGPVE ID,,,B1W57Q4,,,,,A0MQL8,,,,,,,PGIF GLOBAL PROPERTY SECURITIES FUND,,,.0000,8.485236,9.339090,.908572,n/a,n/a,n/a,n/a,n/a,n/a,n/a,n/a,n/a,n/a,,,0,517319783,.000000000,.000000,.000000000,,EndofRow,
PRINCIPAL GLOBAL INVESTOR FUNDS,PGIF Global Property Securities Fund,JPY Hedged I Class Income,05/05/2023,USD,JPY,1143.66,1127.85,15.81,1.40,,,.00,9598775.60,9.60,1132175.585,,,,IE00BWFDNY20,PIGJHII ID,,,BWFDNY2,,,,,A14Z05,,,,,,,PGIF GLOBAL PROPERTY SECURITIES FUND,,,.0000,1143.662386,8.478169,134.894979,n/a,n/a,n/a,n/a,n/a,n/a,n/a,n/a,n/a,n/a,,,0,517319783,.000000000,.000000,.000000000,,EndofRow,
PRINCIPAL GLOBAL INVESTOR FUNDS,PGIF Global Property Securities Fund,EURO HEDGED N CLASS ACC,05/05/2023,USD,EUR,8.25,8.13,.12,1.48,,,.00,69852.35,.07,7696.573,,,,IE00BD0G6333,PRGPNEH ID,,,BD0G633,,,,,A2PXJX,,,,,,,PGIF GLOBAL PROPERTY SECURITIES FUND,,,.0000,8.245994,9.075773,.908572,n/a,n/a,n/a,n/a,n/a,n/a,n/a,n/a,n/a,n/a,,,0,517319783,.000000000,.000000,.000000000,,EndofRow,
PRINCIPAL GLOBAL INVESTOR FUNDS,PGIF Global Property Securities Fund,HKD D2 Class Income Units,05/05/2023,USD,HKD,7.93,7.82,.11,1.41,,,.00,201689.62,.20,199573.622,,,,IE00BD5DHD66,PRGPSD2 ID,,,BD5DHD6,,,,,A2PXJ3,,,,,,,PGIF GLOBAL PROPERTY SECURITIES FUND,,,.0000,7.930705,1.010603,7.847501,n/a,n/a,n/a,n/a,n/a,n/a,n/a,n/a,n/a,n/a,,,0,517319783,.000000000,.000000,.000000000,,EndofRow,
PRINCIPAL GLOBAL INVESTOR FUNDS,PGIF Global Property Securities Fund,Singapore Dollar Hedged A Class Accumulation Units,05/05/2023,USD,SGD,8.94,8.82,.12,1.36,,,.00,3372.74,.00,500.000,,,,IE00BD5DH473,PRGPASH ID,,,BD5DH47,,,,,A2P1D1,,,,,,,PGIF GLOBAL PROPERTY SECURITIES FUND,,,.0000,8.941844,6.745480,1.325605,n/a,n/a,n/a,n/a,n/a,n/a,n/a,n/a,n/a,n/a,,,0,517319783,.000000000,.000000,.000000000,,EndofRow,
PRINCIPAL GLOBAL INVESTOR FUNDS,PGIF Global Property Securities Fund,Singapore Dollar Hedged A Class Income Units,05/05/2023,USD,SGD,8.80,8.68,.12,1.38,,,.00,3388.17,.00,510.522,,,,IE00BD5DH697,PRGPAHS ID,,,BD5DH69,,,,,A2P1D2,,,,,,,PGIF GLOBAL PROPERTY SECURITIES FUND,,,.0000,8.797616,6.636678,1.325605,n/a,n/a,n/a,n/a,n/a,n/a,n/a,n/a,n/a,n/a,,,0,517319783,.000000000,.000000,.000000000,,EndofRow,
PRINCIPAL GLOBAL INVESTOR FUNDS,PGIF Global Property Securities Fund,EUR I Class Accumulation Units,05/05/2023,USD,EUR,10.51,10.37,.14,1.35,,,.00,84595602.08,84.60,7311461.196,,,,IE00BD5DGZ12,PRGPSIE ID,,,BD5DGZ1,,,,,A2P6DW,,,,,,,PGIF GLOBAL PROPERTY SECURITIES FUND,,,.0000,10.512427,11.570273,.908572,n/a,n/a,n/a,n/a,n/a,n/a,n/a,n/a,n/a,n/a,,,0,517319783,.000000000,.000000,.000000000,,EndofRow,
PRINCIPAL GLOBAL INVESTOR FUNDS,PGIF Global Property Securities Fund,BRL Hedged I Class Accumulation ,05/05/2023,USD,BRL,9.20,9.07,.13,1.43,,,.00,3694294.83,3.69,1994058.294,,,,IE00BKQN4F53,PRGPSIA ID,,,BKQN4F5,,,,,A2QRS7,,,,,,,PGIF GLOBAL PROPERTY SECURITIES FUND,,,.0000,9.202023,1.852651,4.966948,n/a,n/a,n/a,n/a,n/a,n/a,n/a,n/a,n/a,n/a,,,0,517319783,.000000000,.000000,.000000000,,EndofRow,
PRINCIPAL GLOBAL INVESTOR FUNDS,PGIF Global Property Securities Fund,SEK I3 Class Accumulation Units,05/05/2023,USD,SEK,10.42,10.37,.05,.48,,,.00,9550080.42,9.55,9327837.234,,,,IE00BNC50B48,PRGPSI3 ID,,,BNC50B4,,,,,A2QRS8,,,,,,,PGIF GLOBAL PROPERTY SECURITIES FUND,,,.0000,10.419668,1.023826,10.177189,n/a,n/a,n/a,n/a,n/a,n/a,n/a,n/a,n/a,n/a,,,0,517319783,.000000000,.000000,.000000000,,EndofRow,
PRINCIPAL GLOBAL INVESTOR FUNDS,PGIF Global Property Securities Fund,AUD Hedged A2 Class Income Plus (Quarterly) Units,05/05/2023,USD,AUD,7.42,7.32,.10,1.37,,,.00,531038.72,.53,106144.747,,,,IE000DU3GW96,PRGPSAA ID,,,BMH43P4,,,,,A3C9MM,,,,,,,PGIF GLOBAL PROPERTY SECURITIES FUND,,,.0000,7.420087,5.002967,1.483137,n/a,n/a,n/a,n/a,n/a,n/a,n/a,n/a,n/a,n/a,,,0,517319783,.000000000,.000000,.000000000,,EndofRow,
PRINCIPAL GLOBAL INVESTOR FUNDS,PGIF Global Property Securities Fund,EUR Hedged A2 Class Income Plus (Quarterly) Units,05/05/2023,USD,EUR,7.38,7.27,.11,1.51,,,.00,749.68,.00,92.348,,,,IE000ZXV5MF7,PRGPAPE ID,,,BMH43Q5,,,,,A3C9MN,,,,,,,PGIF GLOBAL PROPERTY SECURITIES FUND,,,.0000,7.375778,8.117988,.908572,n/a,n/a,n/a,n/a,n/a,n/a,n/a,n/a,n/a,n/a,,,0,517319783,.000000000,.000000,.000000000,,EndofRow,
PRINCIPAL GLOBAL INVESTOR FUNDS,PGIF Global Property Securities Fund,SGD Hedged A2 Class Income Plus (Quarterly) Units,05/05/2023,USD,SGD,7.55,7.45,.10,1.34,,,.00,114792.66,.11,20142.372,,,,IE000HNJVDX9,PRGPSA2 ID,,,BMH43S7,,,,,A3C9MP,,,,,,,PGIF GLOBAL PROPERTY SECURITIES FUND,,,.0000,7.554709,5.699064,1.325605,n/a,n/a,n/a,n/a,n/a,n/a,n/a,n/a,n/a,n/a,,,0,517319783,.000000000,.000000,.000000000,,EndofRow,
PRINCIPAL GLOBAL INVESTOR FUNDS,PGIF Global Property Securities Fund,HKD A2 Class Income Plus (Quarterly) Units,05/05/2023,USD,HKD,7.45,7.34,.11,1.50,,,.00,773.32,.00,814.404,,,,IE000H66BMF8,PRGPSHK ID,,,BMH43R6,,,,,A3C9MQ,,,,,,,PGIF GLOBAL PROPERTY SECURITIES FUND,,,.0000,7.451621,.949553,7.847501,n/a,n/a,n/a,n/a,n/a,n/a,n/a,n/a,n/a,n/a,,,0,517319783,.000000000,.000000,.000000000,,EndofRow,
PRINCIPAL GLOBAL INVESTOR FUNDS,PGIF Global Property Securities Fund,HKD D2 Income Plus (Gross) Units,05/05/2023,USD,HKD,8.47,8.34,.13,1.56,,,.00,877.16,.00,813.171,,,,IE000DXKTCR3,PIFGDJD ID,,,BPNZVS1,,,,,987946,,,,,,,PGIF GLOBAL PROPERTY SECURITIES FUND,,,.0000,8.465027,1.078691,7.847501,n/a,n/a,n/a,n/a,n/a,n/a,n/a,n/a,n/a,n/a,,,0,517319783,.000000000,.000000,.000000000,,EndofRow,
PRINCIPAL GLOBAL INVESTOR FUNDS,PGIF Global Property Securities Fund,D Class Accumulation Units,05/05/2023,USD,USD,9.59,9.45,.14,1.48,,,.00,2663003.11,2.66,277825.371,,,,IE00B45YFT81,PIFGPDU ID,,,B45YFT8,,,,,A2PM6X,,,,,,,PGIF GLOBAL PROPERTY SECURITIES FUND,,,.0000,9.585169,9.585169,1.000000,n/a,n/a,n/a,n/a,n/a,n/a,n/a,n/a,n/a,n/a,,,0,517319783,.000000000,.000000,.000000000,,EndofRow,
PRINCIPAL GLOBAL INVESTOR FUNDS,PGIF Global Responsible Equity Fund,USD A Class Accumulation,05/05/2023,USD,USD,72.24,71.40,.84,1.18,,,.00,2472615.93,2.47,34228.839,X ,GEQA,BBIGAN,IE0001148489,PIFIGFA ID,514305,,0114848,7720785,,,,986039,,305,,,,,PGIF Global Responsible Equity Fund,PGEF,A,.0000,72.237797,72.237797,1.000000,n/a,n/a,n/a,n/a,n/a,n/a,n/a,n/a,n/a,n/a,PRA1,C,0,42496925,.000000000,.000000,.000000000,G7244L230,EndofRow,
PRINCIPAL GLOBAL INVESTOR FUNDS,PGIF Global Responsible Equity Fund,USD A Class Income,05/05/2023,USD,USD,62.59,61.87,.72,1.16,,,.00,3456995.03,3.46,55233.116,X ,GEQI,BBIGRN,IE0000712889,PIFIGFI ID,116284,,0071288,7720777,,,,986038,,306,,,,,PGIF Global Responsible Equity Fund,PGEF,I,.0000,62.589173,62.589173,1.000000,n/a,n/a,n/a,n/a,n/a,n/a,n/a,n/a,n/a,n/a,PRA1,B,0,42496925,.000000000,.000000,.000000000,G7244L248,EndofRow,
PRINCIPAL GLOBAL INVESTOR FUNDS,PGIF Global Responsible Equity Fund,USD I Class Accumulation,05/05/2023,USD,USD,33.61,33.22,.39,1.17,,,.00,985819.01,.99,29333.613,XD,GEQNA,BBIGEA,IE0002490740,PIFGEIA ID,860503,,0249074,8831599,,,,987944,,307,,,,,PGIF Global Responsible Equity Fund,PGEF,NA,.0000,33.607146,33.607146,1.000000,n/a,n/a,n/a,n/a,n/a,n/a,n/a,n/a,n/a,n/a,PRA1,D,0,42496925,.000000000,.000000,.000000000,,EndofRow,
PRINCIPAL GLOBAL INVESTOR FUNDS,PGIF Global Responsible Equity Fund,USD F2 Class Accumulation,05/05/2023,USD,USD,14.54,14.37,.17,1.18,,,.00,35581495.21,35.58,2447533.545,,,,IE00BZBWHJ74,PIFGF2A ID,,,BZBWHJ7,,,,,A2JMB3,,,,,,,PGIF Global Responsible Equity Fund,,,.0000,14.537695,14.537695,1.000000,n/a,n/a,n/a,n/a,n/a,n/a,n/a,n/a,n/a,n/a,,,0,42496925,.000000000,.000000,.000000000,,EndofRow,
PRINCIPAL GLOBAL INVESTOR FUNDS,PGIF Preferred Securities Fund,USD A Class Income,05/05/2023,USD,USD,7.78,7.78,.00,.00,,,.00,319096218.08,319.10,41012249.969,XD,PSIAI,,IE00B067MS69,PRIIFSI ID,2079429,,B067MS6,,,,,A0D8H0,,1081,,,,,PGIF PREFERRED SECURITIES FUND,PPSI,I,.0000,7.780510,7.780510,1.000000,n/a,n/a,n/a,n/a,n/a,n/a,n/a,n/a,n/a,n/a,PRA8,B,0,3912396853,.000000000,.000000,.000000000,G7244L289,EndofRow,
PRINCIPAL GLOBAL INVESTOR FUNDS,PGIF Preferred Securities Fund,USD A Class Accumulation,05/05/2023,USD,USD,15.56,15.57,-.01,-.06,,,.00,428122863.65,428.12,27511286.978,,,,IE0032590923,PPSECAA ID,1601440,,3259092,,,,,813946,,,,,,,PGIF PREFERRED SECURITIES FUND,,,.0000,15.561717,15.561717,1.000000,n/a,n/a,n/a,n/a,n/a,n/a,n/a,n/a,n/a,n/a,,,0,3912396853,.000000000,.000000,.000000000,G7244L115,EndofRow,
PRINCIPAL GLOBAL INVESTOR FUNDS,PGIF Preferred Securities Fund,USD I Class Income,05/05/2023,USD,USD,8.78,8.79,-.01,-.11,,,.00,352603896.08,352.60,40150282.213,,,,IE00B96S2C60,PPSEICI ID,20588609,,B96S2C6,,,,,A1W5AL,,,,,,,PGIF PREFERRED SECURITIES FUND,,,.0000,8.782103,8.782103,1.000000,n/a,n/a,n/a,n/a,n/a,n/a,n/a,n/a,n/a,n/a,,,0,3912396853,.000000000,.000000,.000000000,G7244T548,EndofRow,
PRINCIPAL GLOBAL INVESTOR FUNDS,PGIF Preferred Securities Fund,USD P Class Income,05/05/2023,USD,USD,8.76,8.76,.00,.00,,,.00,34930766.92,34.93,3988132.124,,,,IE00B7FSX311,PGPSPUI ID,21135870,,B7FSX31,,,,,A1XFEH,,,,,,,PGIF PREFERRED SECURITIES FUND,,,.0000,8.758678,8.758678,1.000000,n/a,n/a,n/a,n/a,n/a,n/a,n/a,n/a,n/a,n/a,,,0,3912396853,.000000000,.000000,.000000000,G7244T522,EndofRow,
PRINCIPAL GLOBAL INVESTOR FUNDS,PGIF Preferred Securities Fund,USD P Class Accumulation,05/05/2023,USD,USD,14.02,14.02,.00,.00,,,.00,80876205.17,80.88,5769908.528,,,,IE00B7F83F33,PGPSPUA ID,21135868,,B7F83F3,,,,,A1XCKN,,,,,,,PGIF PREFERRED SECURITIES FUND,,,.0000,14.016896,14.016896,1.000000,n/a,n/a,n/a,n/a,n/a,n/a,n/a,n/a,n/a,n/a,,,0,3912396853,.000000000,.000000,.000000000,G7244T530,EndofRow,
PRINCIPAL GLOBAL INVESTOR FUNDS,PGIF Preferred Securities Fund,USD D Class Accumulation,05/05/2023,USD,USD,24.61,24.62,-.01,-.04,,,.00,463422474.50,463.42,18833743.474,,,,IE00B3CCBJ05,PGIPSID ID,3528852,,B3CCBJ0,,,,,A0PEBH,,,,,,,PGIF PREFERRED SECURITIES FUND,PPSI,,.0000,24.605967,24.605967,1.000000,n/a,n/a,n/a,n/a,n/a,n/a,n/a,n/a,n/a,n/a,PPSI,D,0,3912396853,.000000000,.000000,.000000000,G7244L594,EndofRow,
PRINCIPAL GLOBAL INVESTOR FUNDS,PGIF Preferred Securities Fund,USD D2 CLASS INCOME,05/05/2023,USD,USD,8.58,8.58,.00,.00,,,.00,54839248.69,54.84,6391117.344,,,,IE00BYM2LQ48,PGPUD2I ID,,,BYM2LQ4,,,,,A2JMB7,,,,,,,PGIF PREFERRED SECURITIES FUND,,,.0000,8.580542,8.580542,1.000000,n/a,n/a,n/a,n/a,n/a,n/a,n/a,n/a,n/a,n/a,,,0,3912396853,.000000000,.000000,.000000000,,EndofRow,
PRINCIPAL GLOBAL INVESTOR FUNDS,PGIF Preferred Securities Fund,USD F2 CLASS ACCUMULATION,05/05/2023,USD,USD,11.22,11.22,.00,.00,,,.00,36024792.85,36.02,3211028.759,,,,IE00BZBWH190,PGPUF2A ID,,,BZBWH19,,,,,A2JMB8,,,,,,,PGIF PREFERRED SECURITIES FUND,,,.0000,11.219081,11.219081,1.000000,n/a,n/a,n/a,n/a,n/a,n/a,n/a,n/a,n/a,n/a,,,0,3912396853,.000000000,.000000,.000000000,,EndofRow,
PRINCIPAL GLOBAL INVESTOR FUNDS,PGIF Preferred Securities Fund,USD N Class Accumulation Units,05/05/2023,USD,USD,10.93,10.94,-.01,-.09,,,.00,187237156.96,187.24,17126517.725,,,,IE00BD0Q8V55,PGPSUNA ID,,,BD0Q8V5,,,,,A2DHUZ,,,,,,,PGIF PREFERRED SECURITIES FUND,,,.0000,10.932588,10.932588,1.000000,n/a,n/a,n/a,n/a,n/a,n/a,n/a,n/a,n/a,n/a,,,0,3912396853,.000000000,.000000,.000000000,,EndofRow,
PRINCIPAL GLOBAL INVESTOR FUNDS,PGIF Preferred Securities Fund,USD N Class Income Units,05/05/2023,USD,USD,8.68,8.69,-.01,-.12,,,.00,100111642.25,100.11,11528406.687,,,,IE00BD0Q8W62,PGPSUNI ID,,,BD0Q8W6,,,,,A2DG5W,,,,,,,PGIF PREFERRED SECURITIES FUND,,,.0000,8.683910,8.683910,1.000000,n/a,n/a,n/a,n/a,n/a,n/a,n/a,n/a,n/a,n/a,,,0,3912396853,.000000000,.000000,.000000000,,EndofRow,
PRINCIPAL GLOBAL INVESTOR FUNDS,PGIF Preferred Securities Fund,USD D Class Income,05/05/2023,USD,USD,10.39,10.40,-.01,-.10,,,.00,317732065.92,317.73,30572138.017,,,,IE00B45QYL94,PGIPSDI ID,10662065,,B45QYL9,,,,,A1JBGT,,,,,,,PGIF PREFERRED SECURITIES FUND,PPSI,,.0000,10.392864,10.392864,1.000000,n/a,n/a,n/a,n/a,n/a,n/a,n/a,n/a,n/a,n/a,PPSI,D,0,3912396853,.000000000,.000000,.000000000,G7244T175,EndofRow,
PRINCIPAL GLOBAL INVESTOR FUNDS,PGIF Preferred Securities Fund,D2 CLASS INCOME PLUS UNITS,05/05/2023,USD,USD,8.27,8.28,-.01,-.12,,,.00,5920135.39,5.92,715448.674,,,,IE00BJLTX873,PPSD2PU ID,,,BJLTX87,,,,,A2P6BN,,,,,,,PGIF PREFERRED SECURITIES FUND,,,.0000,8.274717,8.274717,1.000000,n/a,n/a,n/a,n/a,n/a,n/a,n/a,n/a,n/a,n/a,,,0,3912396853,.000000000,.000000,.000000000,,EndofRow,
PRINCIPAL GLOBAL INVESTOR FUNDS,PGIF Preferred Securities Fund,EUR Hedged A Class Accumulation,05/05/2023,USD,EUR,15.92,15.93,-.01,-.06,,,.00,41381261.87,41.38,2361469.542,XD,PSIAE,Q2PSIV,IE00B00Z9M92,PGIPSVA ID,3707656,,B00Z9M9,17383965,,,,A0CA5Z,,762,,,,,PGIF PREFERRED SECURITIES FUND,PPSI,A,.0000,15.921383,17.523521,.908572,n/a,n/a,n/a,n/a,n/a,n/a,n/a,n/a,n/a,n/a,PRA8,C,0,3912396853,.000000000,.000000,.000000000,,EndofRow,
PRINCIPAL GLOBAL INVESTOR FUNDS,PGIF Preferred Securities Fund,EUR Hedged I Class Accumulation,05/05/2023,USD,EUR,11.12,11.13,-.01,-.09,,,.00,200592880.13,200.59,16386024.515,XD,PSINE,,IE00B2NGJY51,PGIPSAE ID,3715795,,B2NGJY5,,,,,A1T6LK,,913,,,,,PGIF PREFERRED SECURITIES FUND,PPSI,HA,.0000,11.122472,12.241705,.908572,n/a,n/a,n/a,n/a,n/a,n/a,n/a,n/a,n/a,n/a,PRA8,E,0,3912396853,.000000000,.000000,.000000000,,EndofRow,
PRINCIPAL GLOBAL INVESTOR FUNDS,PGIF Preferred Securities Fund,JPY Hedged I Class Accumulation,05/05/2023,USD,JPY,1564.55,1565.48,-.93,-.06,,,.00,174590382.76,174.59,15053076.905,,,,IE00B5KPPF97,PGIHIJA ID,11273088,,B5KPPF9,,,,,A1JBGQ,,,,,,,PGIF PREFERRED SECURITIES FUND,PPSI,,.0000,1564.554950,11.598319,134.894979,n/a,n/a,n/a,n/a,n/a,n/a,n/a,n/a,n/a,n/a,PPSI,,0,3912396853,.000000000,.000000,.000000000,,EndofRow,
PRINCIPAL GLOBAL INVESTOR FUNDS,PGIF Preferred Securities Fund,JPY Hedged I Class Income,05/05/2023,USD,JPY,680.27,680.68,-.41,-.06,,,.00,44770981.56,44.77,8877862.251,,,,IE00B5SK4K43,PGIPHIA ID,11861319,,B5SK4K4,,,,,A1JBGR,,,,,,,PGIF PREFERRED SECURITIES FUND,PPSI,,.0000,680.274196,5.042991,134.894979,n/a,n/a,n/a,n/a,n/a,n/a,n/a,n/a,n/a,n/a,PPSI,,0,3912396853,.000000000,.000000,.000000000,,EndofRow,
PRINCIPAL GLOBAL INVESTOR FUNDS,PGIF Preferred Securities Fund,EUR Hedged I Class Income,05/05/2023,USD,EUR,5.39,5.39,.00,.00,,,.00,59179152.73,59.18,9978066.448,,,,IE00B61TKZ25,PGIIHIE ID,13185884,,B61TKZ2,,,,,A1JAK6,,,,,,,PGIF PREFERRED SECURITIES FUND,,,.0000,5.388672,5.930924,.908572,n/a,n/a,n/a,n/a,n/a,n/a,n/a,n/a,n/a,n/a,,,0,3912396853,.000000000,.000000,.000000000,,EndofRow,
PRINCIPAL GLOBAL INVESTOR FUNDS,PGIF Preferred Securities Fund,CHF Hedged A Class Accumulation,05/05/2023,USD,CHF,10.43,10.44,-.01,-.10,,,.00,37268789.13,37.27,3188359.514,,,,IE00B6824L80,PPSCHAA ID,12906142,,B6824L8,,,,,A1W49V,,,,,,,PGIF PREFERRED SECURITIES FUND,,,.0000,10.434091,11.689017,.892641,n/a,n/a,n/a,n/a,n/a,n/a,n/a,n/a,n/a,n/a,,,0,3912396853,.000000000,.000000,.000000000,,EndofRow,
PRINCIPAL GLOBAL INVESTOR FUNDS,PGIF Preferred Securities Fund,GBP Hedged A Class Income,05/05/2023,USD,GBP,5.45,5.45,.00,.00,,,.00,28986775.76,28.99,4214534.152,,,,IE00B2NGK193,PPSSHAI ID,3706982,,B2NGK19,,,,,A1JGF5,,,,,,,PGIF PREFERRED SECURITIES FUND,,,.0000,5.451443,6.877813,.792613,n/a,n/a,n/a,n/a,n/a,n/a,n/a,n/a,n/a,n/a,,,0,3912396853,.000000000,.000000,.000000000,,EndofRow,
PRINCIPAL GLOBAL INVESTOR FUNDS,PGIF Preferred Securities Fund,CHF Hedged I Class Accumulation,05/05/2023,USD,CHF,11.27,11.27,.00,.00,,,.00,25371338.49,25.37,2010333.588,,,,IE00B63L3Z75,PPSIHAC ID,19009115,,B63L3Z7,,,,,A1W5AJ,,,,,,,PGIF PREFERRED SECURITIES FUND,,,.0000,11.265537,12.620462,.892641,n/a,n/a,n/a,n/a,n/a,n/a,n/a,n/a,n/a,n/a,,,0,3912396853,.000000000,.000000,.000000000,,EndofRow,
PRINCIPAL GLOBAL INVESTOR FUNDS,PGIF Preferred Securities Fund,EUR Hedged A Class Income,05/05/2023,USD,EUR,5.84,5.84,.00,.00,,,.00,21381998.92,21.38,3326773.033,,,,IE00B3SPD311,PPSAEHI ID,19009110,,B3SPD31,,,,,A1W5AH,,,,,,,PGIF PREFERRED SECURITIES FUND,,,.0000,5.839619,6.427249,.908572,n/a,n/a,n/a,n/a,n/a,n/a,n/a,n/a,n/a,n/a,,,0,3912396853,.000000000,.000000,.000000000,,EndofRow,
PRINCIPAL GLOBAL INVESTOR FUNDS,PGIF Preferred Securities Fund,GBP Hedged I Class Income,05/05/2023,USD,GBP,5.26,5.27,-.01,-.19,,,.00,117322566.47,117.32,17664349.997,,,,IE00B2NGK201,PPSGHII ID,3707020,,B2NGK20,,,,,A1W5AK,,,,,,,PGIF PREFERRED SECURITIES FUND,,,.0000,5.264353,6.641771,.792613,n/a,n/a,n/a,n/a,n/a,n/a,n/a,n/a,n/a,n/a,,,0,3912396853,.000000000,.000000,.000000000,,EndofRow,
PRINCIPAL GLOBAL INVESTOR FUNDS,PGIF Preferred Securities Fund,JPY Hedged A Class Accumulation,05/05/2023,USD,JPY,1098.79,1099.47,-.68,-.06,,,.00,1228230.70,1.23,150785.716,,,,IE00BZBWH422,PGPSJAA ID,,,BZBWH42,,,,,A2JNGN,,,,,,,PGIF PREFERRED SECURITIES FUND,,,.0000,1098.792104,8.145537,134.894979,n/a,n/a,n/a,n/a,n/a,n/a,n/a,n/a,n/a,n/a,,,0,3912396853,.000000000,.000000,.000000000,,EndofRow,
PRINCIPAL GLOBAL INVESTOR FUNDS,PGIF Preferred Securities Fund,EURO Hedged N Class Accumulation Units,05/05/2023,USD,EUR,8.30,8.30,.00,.00,,,.00,5185124.22,5.19,567805.207,,,,IE00BD0Q8X79,PGPSEHN ID,,,BD0Q8X7,,,,,A2JMCA,,,,,,,PGIF PREFERRED SECURITIES FUND,,,.0000,8.296964,9.131872,.908572,n/a,n/a,n/a,n/a,n/a,n/a,n/a,n/a,n/a,n/a,,,0,3912396853,.000000000,.000000,.000000000,,EndofRow,
PRINCIPAL GLOBAL INVESTOR FUNDS,PGIF Preferred Securities Fund,EURO Hedged N Class Income Units,05/05/2023,USD,EUR,6.21,6.22,-.01,-.16,,,.00,761771.10,.76,111372.199,,,,IE00BD0Q8Y86,PGEHNIU ID,,,BD0Q8Y8,,,,,A2JMCB,,,,,,,PGIF PREFERRED SECURITIES FUND,,,.0000,6.214513,6.839868,.908572,n/a,n/a,n/a,n/a,n/a,n/a,n/a,n/a,n/a,n/a,,,0,3912396853,.000000000,.000000,.000000000,,EndofRow,
PRINCIPAL GLOBAL INVESTOR FUNDS,PGIF Preferred Securities Fund,GBP Hedged N Class Income Units,05/05/2023,USD,GBP,6.17,6.17,.00,.00,,,.00,50408.87,.05,6474.180,,,,IE00BD0Q9012,PGPGHNI ID,,,BD0Q901,,,,,A2H7JD,,,,,,,PGIF PREFERRED SECURITIES FUND,,,.0000,6.171394,7.786140,.792613,n/a,n/a,n/a,n/a,n/a,n/a,n/a,n/a,n/a,n/a,,,0,3912396853,.000000000,.000000,.000000000,,EndofRow,
PRINCIPAL GLOBAL INVESTOR FUNDS,PGIF Preferred Securities Fund,CHF Hedged N Class Accumulation Units,05/05/2023,USD,CHF,8.74,8.74,.00,.00,,,.00,1270562.43,1.27,129810.191,,,,IE00BD0Q9129,PRGPSNH ID,,,BD0Q912,,,,,A2QNMY,,,,,,,PGIF PREFERRED SECURITIES FUND,,,.0000,8.737030,9.787848,.892641,n/a,n/a,n/a,n/a,n/a,n/a,n/a,n/a,n/a,n/a,,,0,3912396853,.000000000,.000000,.000000000,,EndofRow,
PRINCIPAL GLOBAL INVESTOR FUNDS,PGIF Preferred Securities Fund,GBP Hedged N Class Accumulation Units,05/05/2023,USD,GBP,7.91,7.91,.00,.00,,,.00,770706.40,.77,77221.060,,,,IE00BD0Q8Z93,PGPSGHN ID,,,BD0Q8Z9,,,,,A2JNGQ,,,,,,,PGIF PREFERRED SECURITIES FUND,,,.0000,7.910689,9.980521,.792613,n/a,n/a,n/a,n/a,n/a,n/a,n/a,n/a,n/a,n/a,,,0,3912396853,.000000000,.000000,.000000000,,EndofRow,
PRINCIPAL GLOBAL INVESTOR FUNDS,PGIF Preferred Securities Fund,CHF Hedged I Class Income,05/05/2023,USD,CHF,7.32,7.33,-.01,-.14,,,.00,1487708.50,1.49,181301.213,,,,IE00B3M9JQ41,PGPICHI ID,,,B3M9JQ4,,,,,A2JMCC,,,,,,,PGIF PREFERRED SECURITIES FUND,,,.0000,7.324766,8.205728,.892641,n/a,n/a,n/a,n/a,n/a,n/a,n/a,n/a,n/a,n/a,,,0,3912396853,.000000000,.000000,.000000000,,EndofRow,
PRINCIPAL GLOBAL INVESTOR FUNDS,PGIF Preferred Securities Fund,CHF Hedged A Class Income,05/05/2023,USD,CHF,7.68,7.68,.00,.00,,,.00,3584510.58,3.58,416755.947,,,,IE00B3S4M753,GLPRUNI ID,,,B3S4M75,,,,,A1W49W,,,,,,,PGIF PREFERRED SECURITIES FUND,,,.0000,7.677586,8.600982,.892641,n/a,n/a,n/a,n/a,n/a,n/a,n/a,n/a,n/a,n/a,,,0,3912396853,.000000000,.000000,.000000000,,EndofRow,
PRINCIPAL GLOBAL INVESTOR FUNDS,PGIF Preferred Securities Fund,SGD Hedged A Class Income Units,05/05/2023,USD,SGD,11.38,11.39,-.01,-.09,,,.00,14447088.98,14.45,1682538.708,,,,IE00BZBWH539,PGPSASI ID,,,BZBWH53,,,,,A2JNGR,,,,,,,PGIF PREFERRED SECURITIES FUND,,,.0000,11.382287,8.586482,1.325605,n/a,n/a,n/a,n/a,n/a,n/a,n/a,n/a,n/a,n/a,,,0,3912396853,.000000000,.000000,.000000000,,EndofRow,
PRINCIPAL GLOBAL INVESTOR FUNDS,PGIF Preferred Securities Fund,SGD Hedged A Class Accumulation Units,05/05/2023,USD,SGD,14.59,14.60,-.01,-.07,,,.00,2057101.56,2.06,186884.634,,,,IE00BYPB7P98,PGPSASA ID,,,BYPB7P9,,,,,A2JNGS,,,,,,,PGIF PREFERRED SECURITIES FUND,,,.0000,14.591381,11.007334,1.325605,n/a,n/a,n/a,n/a,n/a,n/a,n/a,n/a,n/a,n/a,,,0,3912396853,.000000000,.000000,.000000000,,EndofRow,
PRINCIPAL GLOBAL INVESTOR FUNDS,PGIF Preferred Securities Fund,SGD Hedged I Class Accumulation Units,05/05/2023,USD,SGD,15.14,15.15,-.01,-.07,,,.00,1369459.85,1.37,119897.607,,,,IE00BZBWH646,PGPSISA ID,,,BZBWH64,,,,,A2JNGT,,,,,,,PGIF PREFERRED SECURITIES FUND,,,.0000,15.140947,11.421911,1.325605,n/a,n/a,n/a,n/a,n/a,n/a,n/a,n/a,n/a,n/a,,,0,3912396853,.000000000,.000000,.000000000,,EndofRow,
PRINCIPAL GLOBAL INVESTOR FUNDS,PGIF Preferred Securities Fund,SGD Hedged I Class Income Units,05/05/2023,USD,SGD,11.40,11.41,-.01,-.09,,,.00,3235264.09,3.24,376170.611,,,,IE00BZBWH752,PGPSISI ID,,,BZBWH75,,,,,A2JNGU,,,,,,,PGIF PREFERRED SECURITIES FUND,,,.0000,11.400900,8.600523,1.325605,n/a,n/a,n/a,n/a,n/a,n/a,n/a,n/a,n/a,n/a,,,0,3912396853,.000000000,.000000,.000000000,,EndofRow,
PRINCIPAL GLOBAL INVESTOR FUNDS,PGIF Preferred Securities Fund,AUD Hedged I Class Income Units,05/05/2023,USD,AUD,10.57,10.57,.00,.00,,,.00,1508447.25,1.51,211751.909,,,,IE00B2NGK318,PGPSAHI ID,,,B2NGK31,,,,,A2JNGP,,,,,,,PGIF PREFERRED SECURITIES FUND,,,.0000,10.565355,7.123654,1.483137,n/a,n/a,n/a,n/a,n/a,n/a,n/a,n/a,n/a,n/a,,,0,3912396853,.000000000,.000000,.000000000,,EndofRow,
PRINCIPAL GLOBAL INVESTOR FUNDS,PGIF Preferred Securities Fund,AUD Hedged I Class Accumulation Units,05/05/2023,USD,AUD,14.07,14.08,-.01,-.07,,,.00,302394.66,.30,31873.894,,,,IE00B2NGK425,PPSAUHI ID,,,B2NGK42,,,,,A2JNGL,,,,,,,PGIF PREFERRED SECURITIES FUND,,,.0000,14.070849,9.487220,1.483137,n/a,n/a,n/a,n/a,n/a,n/a,n/a,n/a,n/a,n/a,,,0,3912396853,.000000000,.000000,.000000000,,EndofRow,
PRINCIPAL GLOBAL INVESTOR FUNDS,PGIF Preferred Securities Fund,AUD Hedged A Class Income,05/05/2023,USD,AUD,10.03,10.03,.00,.00,,,.00,6368852.91,6.37,941971.142,,,,IE00BF7PKY65,PGPAHAI ID,,,BF7PKY6,,,,,A2JNGM,,,,,,,PGIF PREFERRED SECURITIES FUND,,,.0000,10.027783,6.761197,1.483137,n/a,n/a,n/a,n/a,n/a,n/a,n/a,n/a,n/a,n/a,,,0,3912396853,.000000000,.000000,.000000000,,EndofRow,
PRINCIPAL GLOBAL INVESTOR FUNDS,PGIF Preferred Securities Fund,HKD D2 Class Income Units,05/05/2023,USD,HKD,8.56,8.57,-.01,-.12,,,.00,6201244.19,6.20,5683484.541,,,,IE00BFNQRS61,PGPSD2H ID,,,BFNQRS6,,,,,A2PDH4,,,,,,,PGIF PREFERRED SECURITIES FUND,,,.0000,8.562401,1.091099,7.847501,n/a,n/a,n/a,n/a,n/a,n/a,n/a,n/a,n/a,n/a,,,0,3912396853,.000000000,.000000,.000000000,,EndofRow,
PRINCIPAL GLOBAL INVESTOR FUNDS,PGIF Preferred Securities Fund,HONG KONG DOLLAR D2 CLASS INCOME PLUS UNITS,05/05/2023,USD,HKD,8.38,8.38,.00,.00,,,.00,2219619.97,2.22,2079552.419,,,,IE00BJLTX980,PPSD2PH ID,,,BJLTX98,,,,,A2P6BM,,,,,,,PGIF PREFERRED SECURITIES FUND,,,.0000,8.376067,1.067355,7.847501,n/a,n/a,n/a,n/a,n/a,n/a,n/a,n/a,n/a,n/a,,,0,3912396853,.000000000,.000000,.000000000,,EndofRow,
PRINCIPAL GLOBAL INVESTOR FUNDS,PGIF Preferred Securities Fund,BRL Hedged I Class Accumulation,05/05/2023,USD,BRL,10.48,10.48,.00,.00,,,.00,920315.68,.92,436351.056,,,,IE00BFNQRL92,,,,BFNQRL9,,,,,,,,,,,,PGIF PREFERRED SECURITIES FUND,,,.0000,10.475877,2.109118,4.966948,n/a,n/a,n/a,n/a,n/a,n/a,n/a,n/a,n/a,n/a,,,0,3912396853,.000000000,.000000,.000000000,,EndofRow,
PRINCIPAL GLOBAL INVESTOR FUNDS,PGIF Preferred Securities Fund,USD F Class Accumulation,05/05/2023,USD,USD,22.86,22.87,-.01,-.04,,,.00,62692691.76,62.69,2742156.416,,,,IE00B3C9X393,PGIPSIF ID,10034786,,B3C9X39,,,,,A0RAP0,,,,,,,PGIF PREFERRED SECURITIES FUND,PPSI,,.0000,22.862551,22.862551,1.000000,n/a,n/a,n/a,n/a,n/a,n/a,n/a,n/a,n/a,n/a,PPSI,F,0,3912396853,.000000000,.000000,.000000000,G7244L602,EndofRow,
PRINCIPAL GLOBAL INVESTOR FUNDS,PGIF Preferred Securities Fund,USD F Class Income,05/05/2023,USD,USD,10.33,10.33,.00,.00,,,.00,36232428.97,36.23,3508613.699,,,,IE00B44XF072,PGIPSFI ID,10662082,,B44XF07,,,,,A1JBGS,,,,,,,PGIF PREFERRED SECURITIES FUND,PPSI,,.0000,10.326708,10.326708,1.000000,n/a,n/a,n/a,n/a,n/a,n/a,n/a,n/a,n/a,n/a,PPSI,F,0,3912396853,.000000000,.000000,.000000000,G7244T183,EndofRow,
PRINCIPAL GLOBAL INVESTOR FUNDS,PGIF Preferred Securities Fund,USD I Class Accumulation,05/05/2023,USD,USD,24.01,24.02,-.01,-.04,,,.00,628739326.44,628.74,26186821.110,XD,PSINA,Q2PSIA,IE0032591004,PGIPSIA ID,1601452,,3259100,17104853,,,,813952,,761,,,,,PGIF PREFERRED SECURITIES FUND,PPSI,NA,.0000,24.009761,24.009761,1.000000,n/a,n/a,n/a,n/a,n/a,n/a,n/a,n/a,n/a,n/a,PRA8,D,0,3912396853,.000000000,.000000,.000000000,G7244L107,EndofRow,
PRINCIPAL GLOBAL INVESTOR FUNDS,PGIF Post Short Duration High Yield Fund,USD I Class Accumulation,05/05/2023,USD,USD,14.8732,14.8573,.02,.11,,,.00,158674317.72,158.67,10668453.742,,,,IE00B3ZG8W19,PGLTHYI ID,13280660,,B3ZG8W1,,,,,A1JD85,,,,,,,PGIF Post Short Duration High Yield Fund,,,.0000,14.873225,14.873225,1.000000,n/a,n/a,n/a,n/a,n/a,n/a,n/a,n/a,n/a,n/a,,,0,556144126,.000000000,.000000,.000000000,,EndofRow,
PRINCIPAL GLOBAL INVESTOR FUNDS,PGIF Post Short Duration High Yield Fund,USD A Class Accumulation Units,05/05/2023,USD,USD,11.7875,11.7750,.01,.11,,,.00,37681076.98,37.68,3196700.625,,,,IE00B4K81J78,PGGLUAA ID,,,B4K81J7,,,,,A1JD9F,,,,,,,PGIF Post Short Duration High Yield Fund,,,.0000,11.787490,11.787490,1.000000,n/a,n/a,n/a,n/a,n/a,n/a,n/a,n/a,n/a,n/a,,,0,556144126,.000000000,.000000,.000000000,,EndofRow,
PRINCIPAL GLOBAL INVESTOR FUNDS,PGIF Post Short Duration High Yield Fund,USD A Class Income Units,05/05/2023,USD,USD,9.4847,9.4747,.01,.11,,,.00,4843883.12,4.84,510705.378,,,,IE00BDD9NW77,PPGLUAI ID,,,BDD9NW7,,,,,A2AJW1,,,,,,,PGIF Post Short Duration High Yield Fund,,,.0000,9.484692,9.484692,1.000000,n/a,n/a,n/a,n/a,n/a,n/a,n/a,n/a,n/a,n/a,,,0,556144126,.000000000,.000000,.000000000,,EndofRow,
PRINCIPAL GLOBAL INVESTOR FUNDS,PGIF Post Short Duration High Yield Fund,USD I Class Income Units,05/05/2023,USD,USD,9.4190,9.4089,.01,.11,,,.00,14068423.76,14.07,1493628.424,,,,IE00B89Z4873,PGLTHII ID,,,B89Z487,,,,,A2JMCF,,,,,,,PGIF Post Short Duration High Yield Fund,,,.0000,9.418958,9.418958,1.000000,n/a,n/a,n/a,n/a,n/a,n/a,n/a,n/a,n/a,n/a,,,0,556144126,.000000000,.000000,.000000000,,EndofRow,
PRINCIPAL GLOBAL INVESTOR FUNDS,PGIF Post Short Duration High Yield Fund,USD N Class Accumulation Units,05/05/2023,USD,USD,11.3014,11.2893,.01,.11,,,.00,359643.77,.36,31823.000,,,,IE00BD0Q8931,PGLGHNA ID,,,BD0Q893,,,,,A2JMCG,,,,,,,PGIF Post Short Duration High Yield Fund,,,.0000,11.301379,11.301379,1.000000,n/a,n/a,n/a,n/a,n/a,n/a,n/a,n/a,n/a,n/a,,,0,556144126,.000000000,.000000,.000000000,,EndofRow,
PRINCIPAL GLOBAL INVESTOR FUNDS,PGIF Post Short Duration High Yield Fund,D2 Class Income Units,05/05/2023,USD,USD,8.8423,8.8329,.01,.11,,,.00,1019.94,.00,115.348,,,,IE00BD5DHV49,PRGHYD2 ID,,,BD5DHV4,,,,,A2PXJ2,,,,,,,PGIF Post Short Duration High Yield Fund,,,.0000,8.842286,8.842286,1.000000,n/a,n/a,n/a,n/a,n/a,n/a,n/a,n/a,n/a,n/a,,,0,556144126,.000000000,.000000,.000000000,,EndofRow,
PRINCIPAL GLOBAL INVESTOR FUNDS,PGIF Post Short Duration High Yield Fund,D2 CLASS INCOME PLUS UNITS,05/05/2023,USD,USD,8.8440,8.8347,.01,.11,,,.00,1101508.65,1.10,124548.558,,,,IE00BJLTX659,PGLD2PU ID,,,BJLTX65,,,,,A2P6BL,,,,,,,PGIF Post Short Duration High Yield Fund,,,.0000,8.844010,8.844010,1.000000,n/a,n/a,n/a,n/a,n/a,n/a,n/a,n/a,n/a,n/a,,,0,556144126,.000000000,.000000,.000000000,,EndofRow,
PRINCIPAL GLOBAL INVESTOR FUNDS,PGIF Post Short Duration High Yield Fund,USD A2 Class Income Units,05/05/2023,USD,USD,9.0598,9.0502,.01,.11,,,.00,996.13,.00,109.951,,,,IE00BD5DHQ95,PRTHYAU ID,,,BD5DHQ9,,,,,A2QNM0,,,,,,,PGIF Post Short Duration High Yield Fund,,,.0000,9.059763,9.059763,1.000000,n/a,n/a,n/a,n/a,n/a,n/a,n/a,n/a,n/a,n/a,,,0,556144126,.000000000,.000000,.000000000,,EndofRow,
PRINCIPAL GLOBAL INVESTOR FUNDS,PGIF Post Short Duration High Yield Fund,EUR Hedged I Class Accumulation,05/05/2023,USD,EUR,9.0067,8.9976,.01,.10,,,.00,123447954.81,123.45,12453045.000,,,,IE00B4L22Q21,PGHYEHI ID,13195348,,B4L22Q2,,,,,A1JD9H,,,,,,,PGIF Post Short Duration High Yield Fund,,,.0000,9.006742,9.913074,.908572,n/a,n/a,n/a,n/a,n/a,n/a,n/a,n/a,n/a,n/a,,,0,556144126,.000000000,.000000,.000000000,,EndofRow,
PRINCIPAL GLOBAL INVESTOR FUNDS,PGIF Post Short Duration High Yield Fund,JPY Hedged I Class Accumulation,05/05/2023,USD,JPY,1027.0819,1026.1990,.88,.09,,,.00,135176068.06,135.18,17753767.652,,,,IE00B40SVQ46,PGHYHIA ID,13358644,,B40SVQ4,,,,,A1JD88,,,,,,,PGIF Post Short Duration High Yield Fund,,,.0000,1027.081867,7.613937,134.894979,n/a,n/a,n/a,n/a,n/a,n/a,n/a,n/a,n/a,n/a,,,0,556144126,.000000000,.000000,.000000000,,EndofRow,
PRINCIPAL GLOBAL INVESTOR FUNDS,PGIF Post Short Duration High Yield Fund,GBP Hedged I Class Accumulation,05/05/2023,USD,GBP,8.8866,8.8772,.01,.11,,,.00,7837908.41,7.84,699076.125,,,,IE00B40VXP65,PIFHYIG ID,14596510,,B40VXP6,,,,,A1JD89,,,,,,,PGIF Post Short Duration High Yield Fund,,,.0000,8.886624,11.211810,.792613,n/a,n/a,n/a,n/a,n/a,n/a,n/a,n/a,n/a,n/a,,,0,556144126,.000000000,.000000,.000000000,,EndofRow,
PRINCIPAL GLOBAL INVESTOR FUNDS,PGIF Post Short Duration High Yield Fund,CHF Hedged I Class Accumulation,05/05/2023,USD,CHF,10.0188,10.0098,.01,.09,,,.00,1230056.93,1.23,109593.819,,,,IE00B3ZGRS05,PGPCHIA ID,,,B3ZGRS0,,,,,A1JD86,,,,,,,PGIF Post Short Duration High Yield Fund,,,.0000,10.018802,11.223780,.892641,n/a,n/a,n/a,n/a,n/a,n/a,n/a,n/a,n/a,n/a,,,0,556144126,.000000000,.000000,.000000000,,EndofRow,
PRINCIPAL GLOBAL INVESTOR FUNDS,PGIF Post Short Duration High Yield Fund,EUR Hedged I2 Class Accumulation,05/05/2023,USD,EUR,9.7610,9.7511,.01,.10,,,.00,15485318.58,15.49,1441396.693,,,,IE00BYN2YK88,PGPEHIA ID,,,BYN2YK8,,,,,A14095,,,,,,,PGIF Post Short Duration High Yield Fund,,,.0000,9.761038,10.743273,.908572,n/a,n/a,n/a,n/a,n/a,n/a,n/a,n/a,n/a,n/a,,,0,556144126,.000000000,.000000,.000000000,,EndofRow,
PRINCIPAL GLOBAL INVESTOR FUNDS,PGIF Post Short Duration High Yield Fund,GBP Hedged I2 Class Accumulation,05/05/2023,USD,GBP,7.7040,7.6958,.01,.11,,,.00,17610690.64,17.61,1811851.715,,,,IE00BYN2YM03,PGPGHIA ID,,,BYN2YM0,,,,,A14097,,,,,,,PGIF Post Short Duration High Yield Fund,,,.0000,7.703975,9.719720,.792613,n/a,n/a,n/a,n/a,n/a,n/a,n/a,n/a,n/a,n/a,,,0,556144126,.000000000,.000000,.000000000,,EndofRow,
PRINCIPAL GLOBAL INVESTOR FUNDS,PGIF Post Short Duration High Yield Fund,EUR Hedged A Class Accumulation Units,05/05/2023,USD,EUR,9.5881,9.5785,.01,.10,,,.00,713380.03,.71,67600.420,,,,IE00B45ZQ980,PRTHYAH ID,,,B45ZQ98,,,,,A1JD9E,,,,,,,PGIF Post Short Duration High Yield Fund,,,.0000,9.588065,10.552893,.908572,n/a,n/a,n/a,n/a,n/a,n/a,n/a,n/a,n/a,n/a,,,0,556144126,.000000000,.000000,.000000000,,EndofRow,
PRINCIPAL GLOBAL INVESTOR FUNDS,PGIF Post Short Duration High Yield Fund,SGD Hedged I Class Accumulation,05/05/2023,USD,SGD,10.5628,10.5519,.01,.10,,,.00,177894.82,.18,22325.446,,,,IE00BD0SDY97,PGHYSHI ID,,,BD0SDY9,,,,,A2JNGV,,,,,,,PGIF Post Short Duration High Yield Fund,,,.0000,10.562760,7.968254,1.325605,n/a,n/a,n/a,n/a,n/a,n/a,n/a,n/a,n/a,n/a,,,0,556144126,.000000000,.000000,.000000000,,EndofRow,
PRINCIPAL GLOBAL INVESTOR FUNDS,PGIF Post Short Duration High Yield Fund,EUR Hedged N Class Accumulation Units,05/05/2023,USD,EUR,8.6559,8.6471,.01,.10,,,.00,1844607.04,1.84,193620.037,,,,IE00BD0Q8C66,PGLEHNA ID,,,BD0Q8C6,,,,,A2JMCH,,,,,,,PGIF Post Short Duration High Yield Fund,,,.0000,8.655915,9.526943,.908572,n/a,n/a,n/a,n/a,n/a,n/a,n/a,n/a,n/a,n/a,,,0,556144126,.000000000,.000000,.000000000,,EndofRow,
PRINCIPAL GLOBAL INVESTOR FUNDS,PGIF Post Short Duration High Yield Fund,HONG KONG DOLLAR D2 CLASS INCOME PLUS UNITS,05/05/2023,USD,HKD,8.9548,8.9458,.01,.10,,,.00,1080966.42,1.08,947297.001,,,,IE00BJLTX766,PGLD2PH ID,,,BJLTX76,,,,,A2P6BK,,,,,,,PGIF Post Short Duration High Yield Fund,,,.0000,8.954832,1.141106,7.847501,n/a,n/a,n/a,n/a,n/a,n/a,n/a,n/a,n/a,n/a,,,0,556144126,.000000000,.000000,.000000000,,EndofRow,
PRINCIPAL GLOBAL INVESTOR FUNDS,PGIF Post Short Duration High Yield Fund,USD I2 Class Accumulation Units,05/05/2023,USD,USD,12.6623,12.6487,.01,.11,,,.00,34808409.55,34.81,2748978.532,,,,IE00BYN2YH59,PGPUI2A ID,,,BYN2YH5,,,,,A14096,,,,,,,PGIF Post Short Duration High Yield Fund,,,.0000,12.662307,12.662307,1.000000,n/a,n/a,n/a,n/a,n/a,n/a,n/a,n/a,n/a,n/a,,,0,556144126,.000000000,.000000,.000000000,,EndofRow,
PRINCIPAL GLOBAL INVESTOR FUNDS,PGIF Origin Global Emerging Markets Fund,USD I Class Accumulation,05/05/2023,USD,USD,12.26,12.22,.04,.33,,,.00,22416179.31,22.42,1828051.415,,,,IE00B4PCVC77,PGIOIUS ID,23640439,,B4PCVC7,,,,,A12HVH,,,,,,,PGIF Origin Global Emerging Markets Fund,,,.0000,12.262335,12.262335,1.000000,n/a,n/a,n/a,n/a,n/a,n/a,n/a,n/a,n/a,n/a,,,0,73082004,.000000000,.000000,.000000000,,EndofRow,
PRINCIPAL GLOBAL INVESTOR FUNDS,PGIF Origin Global Emerging Markets Fund,A Class Accumulation Units,05/05/2023,USD,USD,8.96,8.92,.04,.45,,,.00,342864.40,.34,38285.854,,,,IE00B5V61K83,PRGEMAU ID,,,B5V61K8,,,,,A2PW4N,,,,,,,PGIF Origin Global Emerging Markets Fund,,,.0000,8.955381,8.955381,1.000000,n/a,n/a,n/a,n/a,n/a,n/a,n/a,n/a,n/a,n/a,,,0,73082004,.000000000,.000000,.000000000,,EndofRow,
PRINCIPAL GLOBAL INVESTOR FUNDS,PGIF Origin Global Emerging Markets Fund,GBP I Class Accumulation,05/05/2023,USD,GBP,9.97,9.97,.00,.00,,,.00,2416338.24,2.42,192124.728,,,,IE00B8Y21W66,PGIOGEI ID,21240475,,B8Y21W6,,,,,A14Z09,,,,,,,PGIF Origin Global Emerging Markets Fund,,,.0000,9.968632,12.576925,.792613,n/a,n/a,n/a,n/a,n/a,n/a,n/a,n/a,n/a,n/a,,,0,73082004,.000000000,.000000,.000000000,,EndofRow,
PRINCIPAL GLOBAL INVESTOR FUNDS,PGIF Origin Global Emerging Markets Fund,Euro I Class Accumulating Units,05/05/2023,USD,EUR,11.15,11.11,.04,.36,,,.00,27529846.65,27.53,2243941.358,,,,IE00B8BB3Q47,PGIOEIA ID,,,B8BB3Q4,,,,,A2N6U7,,,,,,,PGIF Origin Global Emerging Markets Fund,,,.0000,11.146838,12.268523,.908572,n/a,n/a,n/a,n/a,n/a,n/a,n/a,n/a,n/a,n/a,,,0,73082004,.000000000,.000000,.000000000,,EndofRow,
PRINCIPAL GLOBAL INVESTOR FUNDS,PGIF Origin Global Emerging Markets Fund,USD F2 Class Accumulation,05/05/2023,USD,USD,11.55,11.50,.05,.43,,,.00,20374041.15,20.37,1764703.876,,,,IE00BZBWH869,PGIUF2A ID,,,BZBWH86,,,,,A2JNGW,,,,,,,PGIF Origin Global Emerging Markets Fund,,,.0000,11.545303,11.545303,1.000000,n/a,n/a,n/a,n/a,n/a,n/a,n/a,n/a,n/a,n/a,,,0,73082004,.000000000,.000000,.000000000,,EndofRow,
PRINCIPAL GLOBAL INVESTOR FUNDS,PGIF Origin Global Emerging Markets Fund,D Class Accumulation Units,05/05/2023,USD,USD,9.37,9.34,.03,.32,,,.00,937.25,.00,100.000,,,,IE00BD5DG624,PIFOGDU ID,,,BD5DG62,,,,,A2PM6Z,,,,,,,PGIF Origin Global Emerging Markets Fund,,,.0000,9.372500,9.372500,1.000000,n/a,n/a,n/a,n/a,n/a,n/a,n/a,n/a,n/a,n/a,,,0,73082004,.000000000,.000000,.000000000,,EndofRow,
PRINCIPAL GLOBAL INVESTOR FUNDS,PGIF Origin Global Emerging Markets Fund,N Class Accumulation Units,05/05/2023,USD,USD,9.66,9.62,.04,.42,,,.00,1796.80,.00,186.000,,,,IE00BD0CX630,PIFOGNU ID,,,BD0CX63,,,,,A2PM60,,,,,,,PGIF Origin Global Emerging Markets Fund,,,.0000,9.660215,9.660215,1.000000,n/a,n/a,n/a,n/a,n/a,n/a,n/a,n/a,n/a,n/a,,,0,73082004,.000000000,.000000,.000000000,,EndofRow,
PRINCIPAL GLOBAL INVESTOR FUNDS,PGIF Origin Global Smaller Companies Fund,USD I Class Accumulation,05/05/2023,USD,USD,22.96,22.54,.42,1.86,,,.00,3702482.37,3.70,161275.629,,,,IE00B94VTJ31,PGSCIUA ID,21240431,,B94VTJ3,,,,,A1XCJ9,,,,,,,PGIF Origin Smaller Companies,,,.0000,22.957482,22.957482,1.000000,n/a,n/a,n/a,n/a,n/a,n/a,n/a,n/a,n/a,n/a,,,0,18863261,.000000000,.000000,.000000000,,EndofRow,
PRINCIPAL GLOBAL INVESTOR FUNDS,PGIF Origin Global Smaller Companies Fund,A Class Accumulation Units,05/05/2023,USD,USD,13.01,12.78,.23,1.80,,,.00,6055895.73,6.06,465359.950,,,,IE00B94Z5758,PGIOGAA ID,,,B94Z575,,,,,A2PBH2,,,,,,,PGIF Origin Smaller Companies,,,.0000,13.013358,13.013358,1.000000,n/a,n/a,n/a,n/a,n/a,n/a,n/a,n/a,n/a,n/a,,,0,18863261,.000000000,.000000,.000000000,,EndofRow,
PRINCIPAL GLOBAL INVESTOR FUNDS,PGIF Origin Global Smaller Companies Fund,GBP I Class Accumulation,05/05/2023,USD,GBP,18.28,18.01,.27,1.50,,,.00,9104882.52,9.10,394809.320,,,,IE00B94QWY42,PGIOSIA ID,21240437,,B94QWY4,,,,,A12HVJ,,,,,,,PGIF Origin Smaller Companies,,,.0000,18.278816,23.061468,.792613,n/a,n/a,n/a,n/a,n/a,n/a,n/a,n/a,n/a,n/a,,,0,18863261,.000000000,.000000,.000000000,,EndofRow,
PRINCIPAL GLOBAL INVESTOR FUNDS,PGIF Finisterre Uncon EM Fixed Income Fund,I Class Accumulation Units,05/05/2023,USD,USD,11.6083,11.5888,.02,.17,,,.00,88384117.47,88.38,7613850.800,,,,IE00BD2ZKP80,PGFUEIU ID,,,BD2ZKP8,,,,,A2H81J,,,,,,,PGIF Finisterre Uncon EM Fixed Income Fund,,,.0000,11.608333,11.608333,1.000000,n/a,n/a,n/a,n/a,n/a,n/a,n/a,n/a,n/a,n/a,,,0,1481083637,.000000000,.000000,.000000000,,EndofRow,
PRINCIPAL GLOBAL INVESTOR FUNDS,PGIF Finisterre Uncon EM Fixed Income Fund,A Class Accumulation,05/05/2023,USD,USD,10.6780,10.6603,.02,.17,,,.00,49600022.72,49.60,4645083.782,,,,IE00BD2ZKR05,PGFUEMA ID,,,BD2ZKR0,,,,,A2H81K,,,,,,,PGIF Finisterre Uncon EM Fixed Income Fund,,,.0000,10.677961,10.677961,1.000000,n/a,n/a,n/a,n/a,n/a,n/a,n/a,n/a,n/a,n/a,,,0,1481083637,.000000000,.000000,.000000000,,EndofRow,
PRINCIPAL GLOBAL INVESTOR FUNDS,PGIF Finisterre Uncon EM Fixed Income Fund,N Class Accumulation,05/05/2023,USD,USD,10.8625,10.8443,.02,.17,,,.00,45640245.85,45.64,4201648.487,,,,IE00BYP54V67,PGFUEMN ID,,,BYP54V6,,,,,A2PDTM,,,,,,,PGIF Finisterre Uncon EM Fixed Income Fund,,,.0000,10.862462,10.862462,1.000000,n/a,n/a,n/a,n/a,n/a,n/a,n/a,n/a,n/a,n/a,,,0,1481083637,.000000000,.000000,.000000000,,EndofRow,
PRINCIPAL GLOBAL INVESTOR FUNDS,PGIF Finisterre Uncon EM Fixed Income Fund,N Class Income,05/05/2023,USD,USD,9.3827,9.3670,.02,.17,,,.00,16189395.08,16.19,1725450.519,,,,IE00BYP54W74,PGFUENI ID,,,BYP54W7,,,,,A2PBCX,,,,,,,PGIF Finisterre Uncon EM Fixed Income Fund,,,.0000,9.382706,9.382706,1.000000,n/a,n/a,n/a,n/a,n/a,n/a,n/a,n/a,n/a,n/a,,,0,1481083637,.000000000,.000000,.000000000,,EndofRow,
PRINCIPAL GLOBAL INVESTOR FUNDS,PGIF Finisterre Uncon EM Fixed Income Fund,D CLASS ACCUMULATION UNITS,05/05/2023,USD,USD,10.3433,10.3261,.02,.17,,,.00,64728808.76,64.73,6258055.667,,,,IE00BD5DG178,PIFEMFI ID,,,BD5DG17,,,,,A2PLLZ,,,,,,,PGIF Finisterre Uncon EM Fixed Income Fund,,,.0000,10.343278,10.343278,1.000000,n/a,n/a,n/a,n/a,n/a,n/a,n/a,n/a,n/a,n/a,,,0,1481083637,.000000000,.000000,.000000000,,EndofRow,
PRINCIPAL GLOBAL INVESTOR FUNDS,PGIF Finisterre Uncon EM Fixed Income Fund,D CLASS INCOME UNITS,05/05/2023,USD,USD,8.9892,8.9743,.01,.17,,,.00,8992576.65,8.99,1000380.128,,,,IE00BD5DG285,PGFUEDI ID,,,BD5DG28,,,,,A2PGR5,,,,,,,PGIF Finisterre Uncon EM Fixed Income Fund,,,.0000,8.989160,8.989160,1.000000,n/a,n/a,n/a,n/a,n/a,n/a,n/a,n/a,n/a,n/a,,,0,1481083637,.000000000,.000000,.000000000,,EndofRow,
PRINCIPAL GLOBAL INVESTOR FUNDS,PGIF Finisterre Uncon EM Fixed Income Fund,USD A2 Class Income Units ,05/05/2023,USD,USD,8.6994,8.6850,.01,.17,,,.00,24017469.74,24.02,2760814.253,,,,IE00BD5DFJ88,PGFUA2I ID,,,BD5DFJ8,,,,,A2PBCW,,,,,,,PGIF Finisterre Uncon EM Fixed Income Fund,,,.0000,8.699415,8.699415,1.000000,n/a,n/a,n/a,n/a,n/a,n/a,n/a,n/a,n/a,n/a,,,0,1481083637,.000000000,.000000,.000000000,,EndofRow,
PRINCIPAL GLOBAL INVESTOR FUNDS,PGIF Finisterre Uncon EM Fixed Income Fund,I Class Income Units,05/05/2023,USD,USD,9.0585,9.0433,.02,.17,,,.00,47563308.97,47.56,5250703.836,,,,IE00BD2ZKQ97,PGFUEIA ID,,,BD2ZKQ9,,,,,A2PAKR,,,,,,,PGIF Finisterre Uncon EM Fixed Income Fund,,,.0000,9.058463,9.058463,1.000000,n/a,n/a,n/a,n/a,n/a,n/a,n/a,n/a,n/a,n/a,,,0,1481083637,.000000000,.000000,.000000000,,EndofRow,
PRINCIPAL GLOBAL INVESTOR FUNDS,PGIF Finisterre Uncon EM Fixed Income Fund,I2 Class Accumulation Units ,05/05/2023,USD,USD,11.8357,11.8158,.02,.17,,,.00,106444541.18,106.44,8993496.698,,,,IE00BYP54N83,PGFUEI2 ID,,,BYP54N8,,,,,A2H8LD,,,,,,,PGIF Finisterre Uncon EM Fixed Income Fund,,,.0000,11.835724,11.835724,1.000000,n/a,n/a,n/a,n/a,n/a,n/a,n/a,n/a,n/a,n/a,,,0,1481083637,.000000000,.000000,.000000000,,EndofRow,
PRINCIPAL GLOBAL INVESTOR FUNDS,PGIF Finisterre Uncon EM Fixed Income Fund,I3 ACCUMULATION UNITS,05/05/2023,USD,USD,10.3333,10.3160,.02,.17,,,.00,240305430.76,240.31,23255351.309,,,,IE00BKDW9G15,PGFUEI3 ID,,,BKDW9G1,,,,,A2PNP5,,,,,,,PGIF Finisterre Uncon EM Fixed Income Fund,,,.0000,10.333339,10.333339,1.000000,n/a,n/a,n/a,n/a,n/a,n/a,n/a,n/a,n/a,n/a,,,0,1481083637,.000000000,.000000,.000000000,,EndofRow,
PRINCIPAL GLOBAL INVESTOR FUNDS,PGIF Finisterre Uncon EM Fixed Income Fund,I3 INCOME UNITS,05/05/2023,USD,USD,8.6701,8.6556,.01,.17,,,.00,15883951.99,15.88,1832027.709,,,,IE00BKDW9H22,PGFEI3U ID,,,BKDW9H2,,,,,A2PN33,,,,,,,PGIF Finisterre Uncon EM Fixed Income Fund,,,.0000,8.670148,8.670148,1.000000,n/a,n/a,n/a,n/a,n/a,n/a,n/a,n/a,n/a,n/a,,,0,1481083637,.000000000,.000000,.000000000,,EndofRow,
PRINCIPAL GLOBAL INVESTOR FUNDS,PGIF Finisterre Uncon EM Fixed Income Fund,F CLASS INCOME UNITS,05/05/2023,USD,USD,8.4732,8.4591,.01,.17,,,.00,951.55,.00,112.301,,,,IE00BJLTWV31,PRFUEMF ID,,,BJLTWV3,,,,,A2PXJZ,,,,,,,PGIF Finisterre Uncon EM Fixed Income Fund,,,.0000,8.473210,8.473210,1.000000,n/a,n/a,n/a,n/a,n/a,n/a,n/a,n/a,n/a,n/a,,,0,1481083637,.000000000,.000000,.000000000,,EndofRow,
PRINCIPAL GLOBAL INVESTOR FUNDS,PGIF Finisterre Uncon EM Fixed Income Fund,A2 Class Income Plus Units,05/05/2023,USD,USD,8.9889,8.9740,.01,.17,,,.00,5325249.34,5.33,592424.711,,,,IE00BKHY2863,PFUA2PU ID,,,BKHY286,,,,,A2PZ2Q,,,,,,,PGIF Finisterre Uncon EM Fixed Income Fund,,,.0000,8.988905,8.988905,1.000000,n/a,n/a,n/a,n/a,n/a,n/a,n/a,n/a,n/a,n/a,,,0,1481083637,.000000000,.000000,.000000000,,EndofRow,
PRINCIPAL GLOBAL INVESTOR FUNDS,PGIF Finisterre Uncon EM Fixed Income Fund,GBP Hedged I Class Accumulation Units,05/05/2023,USD,GBP,8.4521,8.4382,.01,.16,,,.00,1578902.97,1.58,148064.631,,,,IE00BD2ZKY71,PGFUGHI ID,,,BD2ZKY7,,,,,A2JMBY,,,,,,,PGIF Finisterre Uncon EM Fixed Income Fund,,,.0000,8.452112,10.663607,.792613,n/a,n/a,n/a,n/a,n/a,n/a,n/a,n/a,n/a,n/a,,,0,1481083637,.000000000,.000000,.000000000,,EndofRow,
PRINCIPAL GLOBAL INVESTOR FUNDS,PGIF Finisterre Uncon EM Fixed Income Fund,EUR Hedged A Class Accumulation Units,05/05/2023,USD,EUR,10.0305,10.0145,.02,.16,,,.00,22642752.91,22.64,2050993.149,,,,IE00BD2ZKT29,PGFUEAA ID,,,BD2ZKT2,,,,,A2PBCS,,,,,,,PGIF Finisterre Uncon EM Fixed Income Fund,,,.0000,10.030542,11.039897,.908572,n/a,n/a,n/a,n/a,n/a,n/a,n/a,n/a,n/a,n/a,,,0,1481083637,.000000000,.000000,.000000000,,EndofRow,
PRINCIPAL GLOBAL INVESTOR FUNDS,PGIF Finisterre Uncon EM Fixed Income Fund,EUR Hedged I2 Class Accumulation Units,05/05/2023,USD,EUR,8.7237,8.7095,.01,.16,,,.00,29452363.16,29.45,3067454.550,,,,IE00BYP54Q15,PGFHI2A ID,,,BYP54Q1,,,,,A2H9S1,,,,,,,PGIF Finisterre Uncon EM Fixed Income Fund,,,.0000,8.723714,9.601565,.908572,n/a,n/a,n/a,n/a,n/a,n/a,n/a,n/a,n/a,n/a,,,0,1481083637,.000000000,.000000,.000000000,,EndofRow,
PRINCIPAL GLOBAL INVESTOR FUNDS,PGIF Finisterre Uncon EM Fixed Income Fund,EUR Hedged I2 Class Income Units,05/05/2023,USD,EUR,6.4873,6.4767,.01,.16,,,.00,71263679.28,71.26,9980757.000,,,,IE00BYP54R22,PGFEHI2 ID,,,BYP54R2,,,,,A2JMB0,,,,,,,PGIF Finisterre Uncon EM Fixed Income Fund,,,.0000,6.487303,7.140108,.908572,n/a,n/a,n/a,n/a,n/a,n/a,n/a,n/a,n/a,n/a,,,0,1481083637,.000000000,.000000,.000000000,,EndofRow,
PRINCIPAL GLOBAL INVESTOR FUNDS,PGIF Finisterre Uncon EM Fixed Income Fund,A Class Income Units,05/05/2023,USD,USD,8.3142,8.3004,.01,.17,,,.00,153484.78,.15,18460.635,,,,IE00BD2ZKS12,PREFAUH ID,,,BD2ZKS1,,,,,A2QMWP,,,,,,,PGIF Finisterre Uncon EM Fixed Income Fund,,,.0000,8.314166,8.314166,1.000000,n/a,n/a,n/a,n/a,n/a,n/a,n/a,n/a,n/a,n/a,,,0,1481083637,.000000000,.000000,.000000000,,EndofRow,
PRINCIPAL GLOBAL INVESTOR FUNDS,PGIF Finisterre Uncon EM Fixed Income Fund,EUR Hedged A2 Class Income Units ,05/05/2023,USD,EUR,7.6500,7.6379,.01,.16,,,.00,140539.98,.14,16691.703,,,,IE00BD5DFN25,PGFEA2H ID,,,BD5DFN2,,,,,A2PBCV,,,,,,,PGIF Finisterre Uncon EM Fixed Income Fund,,,.0000,7.649951,8.419751,.908572,n/a,n/a,n/a,n/a,n/a,n/a,n/a,n/a,n/a,n/a,,,0,1481083637,.000000000,.000000,.000000000,,EndofRow,
PRINCIPAL GLOBAL INVESTOR FUNDS,PGIF Finisterre Uncon EM Fixed Income Fund,GBP Hedged I2 Class Income Units,05/05/2023,USD,GBP,8.9215,8.9071,.01,.16,,,.00,69787865.41,69.79,6200192.929,,,,IE00BYP54X81,PGFGHI2 ID,,,BYP54X8,,,,,A2PAKQ,,,,,,,PGIF Finisterre Uncon EM Fixed Income Fund,,,.0000,8.921458,11.255757,.792613,n/a,n/a,n/a,n/a,n/a,n/a,n/a,n/a,n/a,n/a,,,0,1481083637,.000000000,.000000,.000000000,,EndofRow,
PRINCIPAL GLOBAL INVESTOR FUNDS,PGIF Finisterre Uncon EM Fixed Income Fund,CHF Hedged A Class Accumulation Units,05/05/2023,USD,CHF,8.5988,8.5856,.01,.15,,,.00,4461606.78,4.46,463159.108,,,,IE00BD2ZL442,PGFUCHA ID,,,BD2ZL44,,,,,A2PBCU,,,,,,,PGIF Finisterre Uncon EM Fixed Income Fund,,,.0000,8.598797,9.632989,.892641,n/a,n/a,n/a,n/a,n/a,n/a,n/a,n/a,n/a,n/a,,,0,1481083637,.000000000,.000000,.000000000,,EndofRow,
PRINCIPAL GLOBAL INVESTOR FUNDS,PGIF Finisterre Uncon EM Fixed Income Fund,EUR Hedged N Class Accumulation Units,05/05/2023,USD,EUR,10.3034,10.2868,.02,.16,,,.00,52323223.34,52.32,4613936.569,,,,IE00BYP55026,PGFUEHN ID,,,BYP5502,,,,,A2PBCT,,,,,,,PGIF Finisterre Uncon EM Fixed Income Fund,,,.0000,10.303441,11.340256,.908572,n/a,n/a,n/a,n/a,n/a,n/a,n/a,n/a,n/a,n/a,,,0,1481083637,.000000000,.000000,.000000000,,EndofRow,
PRINCIPAL GLOBAL INVESTOR FUNDS,PGIF Finisterre Uncon EM Fixed Income Fund,SGD Hedged A Class Income Units,05/05/2023,USD,SGD,8.2602,8.2468,.01,.16,,,.00,200115.56,.20,32114.846,,,,IE00BD2ZLC27,PFEMFAS ID,,,BD2ZLC2,,,,,A2PB70,,,,,,,PGIF Finisterre Uncon EM Fixed Income Fund,,,.0000,8.260175,6.231248,1.325605,n/a,n/a,n/a,n/a,n/a,n/a,n/a,n/a,n/a,n/a,,,0,1481083637,.000000000,.000000,.000000000,,EndofRow,
PRINCIPAL GLOBAL INVESTOR FUNDS,PGIF Finisterre Uncon EM Fixed Income Fund,SGD Hedged N Class Income Units,05/05/2023,USD,SGD,8.8434,8.8290,.01,.16,,,.00,16531.31,.02,2478.000,,,,IE00BYP55D50,PFUEMFN ID,,,BYP55D5,,,,,A2PB71,,,,,,,PGIF Finisterre Uncon EM Fixed Income Fund,,,.0000,8.843419,6.671231,1.325605,n/a,n/a,n/a,n/a,n/a,n/a,n/a,n/a,n/a,n/a,,,0,1481083637,.000000000,.000000,.000000000,,EndofRow,
PRINCIPAL GLOBAL INVESTOR FUNDS,PGIF Finisterre Uncon EM Fixed Income Fund,CHF Hedged A Class Income Units,05/05/2023,USD,CHF,8.1563,8.1434,.01,.16,,,.00,606406.01,.61,66366.337,,,,IE00BD2ZL558,PFUEMFA ID,,,BD2ZL55,,,,,A2PB72,,,,,,,PGIF Finisterre Uncon EM Fixed Income Fund,,,.0000,8.156283,9.137253,.892641,n/a,n/a,n/a,n/a,n/a,n/a,n/a,n/a,n/a,n/a,,,0,1481083637,.000000000,.000000,.000000000,,EndofRow,
PRINCIPAL GLOBAL INVESTOR FUNDS,PGIF Finisterre Uncon EM Fixed Income Fund,CHF Hedged N Class Accumulation Units,05/05/2023,USD,CHF,9.7075,9.6918,.02,.16,,,.00,13539169.13,13.54,1244972.458,,,,IE00BYP55356,PFEMFNC ID,,,BYP5535,,,,,A2PB73,,,,,,,PGIF Finisterre Uncon EM Fixed Income Fund,,,.0000,9.707534,10.875075,.892641,n/a,n/a,n/a,n/a,n/a,n/a,n/a,n/a,n/a,n/a,,,0,1481083637,.000000000,.000000,.000000000,,EndofRow,
PRINCIPAL GLOBAL INVESTOR FUNDS,PGIF Finisterre Uncon EM Fixed Income Fund,GBP Hedged I2 Class Accumulation Units,05/05/2023,USD,GBP,10.4714,10.4542,.02,.16,,,.00,59362.74,.06,4493.361,,,,IE00BYP54T46,PGFI2GH ID,,,BYP54T4,,,,,A2PB74,,,,,,,PGIF Finisterre Uncon EM Fixed Income Fund,,,.0000,10.471376,13.211211,.792613,n/a,n/a,n/a,n/a,n/a,n/a,n/a,n/a,n/a,n/a,,,0,1481083637,.000000000,.000000,.000000000,,EndofRow,
PRINCIPAL GLOBAL INVESTOR FUNDS,PGIF Finisterre Uncon EM Fixed Income Fund,EUR Hedged I Class Income Units,05/05/2023,USD,EUR,8.2806,8.2672,.01,.16,,,.00,3244465.31,3.24,355990.326,,,,IE00BD2ZKX64,PGFUEMI ID,,,BD2ZKX6,,,,,A2PGS9,,,,,,,PGIF Finisterre Uncon EM Fixed Income Fund,,,.0000,8.280648,9.113914,.908572,n/a,n/a,n/a,n/a,n/a,n/a,n/a,n/a,n/a,n/a,,,0,1481083637,.000000000,.000000,.000000000,,EndofRow,
PRINCIPAL GLOBAL INVESTOR FUNDS,PGIF Finisterre Uncon EM Fixed Income Fund,CHF Hedged I Class Income Units,05/05/2023,USD,CHF,8.1589,8.1456,.01,.16,,,.00,161354.04,.16,17653.191,,,,IE00BD2ZL004,PGFUEIH ID,,,BD2ZL00,,,,,A2PJ5T,,,,,,,PGIF Finisterre Uncon EM Fixed Income Fund,,,.0000,8.158931,9.140219,.892641,n/a,n/a,n/a,n/a,n/a,n/a,n/a,n/a,n/a,n/a,,,0,1481083637,.000000000,.000000,.000000000,,EndofRow,
PRINCIPAL GLOBAL INVESTOR FUNDS,PGIF Finisterre Uncon EM Fixed Income Fund,EUR Hedged I Class Accumulation Units,05/05/2023,USD,EUR,9.9212,9.9052,.02,.16,,,.00,160161671.27,160.16,14667352.115,,,,IE00BD2ZKW57,PRFUMIH ID,,,BD2ZKW5,,,,,A2PFJM,,,,,,,PGIF Finisterre Uncon EM Fixed Income Fund,,,.0000,9.921247,10.919604,.908572,n/a,n/a,n/a,n/a,n/a,n/a,n/a,n/a,n/a,n/a,,,0,1481083637,.000000000,.000000,.000000000,,EndofRow,
PRINCIPAL GLOBAL INVESTOR FUNDS,PGIF Finisterre Uncon EM Fixed Income Fund,Euro Hedged N Class Income Units,05/05/2023,USD,EUR,8.2582,8.2448,.01,.16,,,.00,997205.59,1.00,109713.540,,,,IE00BYP55240,PGFUENA ID,,,BYP5524,,,,,A2PGR6,,,,,,,PGIF Finisterre Uncon EM Fixed Income Fund,,,.0000,8.258171,9.089175,.908572,n/a,n/a,n/a,n/a,n/a,n/a,n/a,n/a,n/a,n/a,,,0,1481083637,.000000000,.000000,.000000000,,EndofRow,
PRINCIPAL GLOBAL INVESTOR FUNDS,PGIF Finisterre Uncon EM Fixed Income Fund,EURO HEDGED I3 ACCUMULATION UNITS,05/05/2023,USD,EUR,9.5858,9.5702,.02,.16,,,.00,173802455.21,173.80,16473515.432,,,,IE00BKDW9L67,PGFUEEH ID,,,BKDW9L6,,,,,A2PN0U,,,,,,,PGIF Finisterre Uncon EM Fixed Income Fund,,,.0000,9.585814,10.550417,.908572,n/a,n/a,n/a,n/a,n/a,n/a,n/a,n/a,n/a,n/a,,,0,1481083637,.000000000,.000000,.000000000,,EndofRow,
PRINCIPAL GLOBAL INVESTOR FUNDS,PGIF Finisterre Uncon EM Fixed Income Fund,STERLING HEDGED I3 ACCUMULATION UNITS,05/05/2023,USD,GBP,9.9314,9.9153,.02,.16,,,.00,1695770.62,1.70,135337.093,,,,IE00BKDW9S37,PGFUGHA ID,,,BKDW9S3,,,,,A2PN0V,,,,,,,PGIF Finisterre Uncon EM Fixed Income Fund,,,.0000,9.931421,12.529977,.792613,n/a,n/a,n/a,n/a,n/a,n/a,n/a,n/a,n/a,n/a,,,0,1481083637,.000000000,.000000,.000000000,,EndofRow,
PRINCIPAL GLOBAL INVESTOR FUNDS,PGIF Finisterre Uncon EM Fixed Income Fund,CHF Hedged I Class Accumulation Units,05/05/2023,USD,CHF,9.3289,9.3138,.02,.16,,,.00,36146887.95,36.15,3458730.766,,,,IE00BD2ZL111,PRMFIIC ID,,,BD2ZL11,,,,,A2PTK1,,,,,,,PGIF Finisterre Uncon EM Fixed Income Fund,,,.0000,9.328907,10.450911,.892641,n/a,n/a,n/a,n/a,n/a,n/a,n/a,n/a,n/a,n/a,,,0,1481083637,.000000000,.000000,.000000000,,EndofRow,
PRINCIPAL GLOBAL INVESTOR FUNDS,PGIF Finisterre Uncon EM Fixed Income Fund,EUR HEDGED I3 INCOME UNITS,05/05/2023,USD,EUR,9.9504,9.9342,.02,.16,,,.00,32289908.78,32.29,2948403.032,,,,IE00BKDW9M74,PRFUI3H ID,,,BKDW9M7,,,,,A2PR4Q,,,,,,,PGIF Finisterre Uncon EM Fixed Income Fund,,,.0000,9.950373,10.951660,.908572,n/a,n/a,n/a,n/a,n/a,n/a,n/a,n/a,n/a,n/a,,,0,1481083637,.000000000,.000000,.000000000,,EndofRow,
PRINCIPAL GLOBAL INVESTOR FUNDS,PGIF Finisterre Uncon EM Fixed Income Fund,Euro Hedged A Class Income Units,05/05/2023,USD,EUR,8.0561,8.0432,.01,.16,,,.00,2266716.02,2.27,255642.873,,,,IE00BD2ZKV41,PRMFIAH ID,,,BD2ZKV4,,,,,A2PUNW,,,,,,,PGIF Finisterre Uncon EM Fixed Income Fund,,,.0000,8.056062,8.866729,.908572,n/a,n/a,n/a,n/a,n/a,n/a,n/a,n/a,n/a,n/a,,,0,1481083637,.000000000,.000000,.000000000,,EndofRow,
PRINCIPAL GLOBAL INVESTOR FUNDS,PGIF Finisterre Uncon EM Fixed Income Fund,P2 CLASS INCOME PLUS UNITS,05/05/2023,USD,USD,8.5394,8.5251,.01,.17,,,.00,407392.54,.41,47707.414,,,,IE00BN2BF732,PREFIP2 ID,,,BN2BF73,,,,,A2QGC5,,,,,,,PGIF Finisterre Uncon EM Fixed Income Fund,,,.0000,8.539397,8.539397,1.000000,n/a,n/a,n/a,n/a,n/a,n/a,n/a,n/a,n/a,n/a,,,0,1481083637,.000000000,.000000,.000000000,,EndofRow,
PRINCIPAL GLOBAL INVESTOR FUNDS,PGIF Finisterre Uncon EM Fixed Income Fund,N CLASS ACC GBP HEDGED,05/05/2023,USD,GBP,8.9526,8.9379,.01,.16,,,.00,828374.85,.83,73340.000,,,,IE00BYP54Y98,PRBCEAU ID,,,BYP54Y9,,,,,A2QDPB,,,,,,,PGIF Finisterre Uncon EM Fixed Income Fund,,,.0000,8.952557,11.294994,.792613,n/a,n/a,n/a,n/a,n/a,n/a,n/a,n/a,n/a,n/a,,,0,1481083637,.000000000,.000000,.000000000,,EndofRow,
PRINCIPAL GLOBAL INVESTOR FUNDS,PGIF Finisterre Uncon EM Fixed Income Fund,EUR Hedged A2 Class Income Plus Units,05/05/2023,USD,EUR,8.5462,8.5325,.01,.16,,,.00,1074096.88,1.07,114190.540,,,,IE00BKHY2970,PFUA2PE ID,,,BKHY297,,,,,A2PZ2R,,,,,,,PGIF Finisterre Uncon EM Fixed Income Fund,,,.0000,8.546194,9.406181,.908572,n/a,n/a,n/a,n/a,n/a,n/a,n/a,n/a,n/a,n/a,,,0,1481083637,.000000000,.000000,.000000000,,EndofRow,
PRINCIPAL GLOBAL INVESTOR FUNDS,PGIF Finisterre Uncon EM Fixed Income Fund,SGD Hedged A2 Class Income Plus Units,05/05/2023,USD,SGD,8.8971,8.8827,.01,.16,,,.00,3172387.14,3.17,472665.542,,,,IE00BKHY2B97,PFA2PSH ID,,,BKHY2B9,,,,,A2PZ2S,,,,,,,PGIF Finisterre Uncon EM Fixed Income Fund,,,.0000,8.897059,6.711695,1.325605,n/a,n/a,n/a,n/a,n/a,n/a,n/a,n/a,n/a,n/a,,,0,1481083637,.000000000,.000000,.000000000,,EndofRow,
PRINCIPAL GLOBAL INVESTOR FUNDS,PGIF Finisterre Uncon EM Fixed Income Fund,Japanese Yen Hedged I Class Accumulation Units,05/05/2023,USD,JPY,917.5725,916.0985,1.47,.16,,,.00,2170311.34,2.17,319063.741,,,,IE00BD2ZL889,PREFIIJ ID,,,BD2ZL88,,,,,A2QBB8,,,,,,,PGIF Finisterre Uncon EM Fixed Income Fund,,,.0000,917.572462,6.802125,134.894979,n/a,n/a,n/a,n/a,n/a,n/a,n/a,n/a,n/a,n/a,,,0,1481083637,.000000000,.000000,.000000000,,EndofRow,
PRINCIPAL GLOBAL INVESTOR FUNDS,PGIF Finisterre Uncon EM Fixed Income Fund,SINGAPORE DOLLAR HEDGED I3 INCOME UNITS,05/05/2023,USD,SGD,8.6962,8.6820,.01,.16,,,.00,3998504.02,4.00,609512.791,,,,IE00BKDW9R20,PRFI3SH ID,,,BKDW9R2,,,,,A2P66E,,,,,,,PGIF Finisterre Uncon EM Fixed Income Fund,,,.0000,8.696189,6.560164,1.325605,n/a,n/a,n/a,n/a,n/a,n/a,n/a,n/a,n/a,n/a,,,0,1481083637,.000000000,.000000,.000000000,,EndofRow,
PRINCIPAL GLOBAL INVESTOR FUNDS,PGIF Finisterre Uncon EM Fixed Income Fund,CHF HEDGED I3 ACCUMULATION UNITS,05/05/2023,USD,CHF,9.4059,9.3905,.02,.16,,,.00,195917.00,.20,18592.941,,,,IE00BKDW9V65,PRFI3CHID,,,BKDW9V6,,,,,A2QGVY,,,,,,,PGIF Finisterre Uncon EM Fixed Income Fund,,,.0000,9.405907,10.537171,.892641,n/a,n/a,n/a,n/a,n/a,n/a,n/a,n/a,n/a,n/a,,,0,1481083637,.000000000,.000000,.000000000,,EndofRow,
PRINCIPAL GLOBAL INVESTOR FUNDS,PGIF Finisterre Uncon EM Fixed Income Fund,Canadian Dollar I2 Class Income Units,05/05/2023,USD,CAD,9.9263,10.0198,-.09,-.93,,,.00,62785623.16,62.79,8500000.000,,,,IE000QUPG8X4,,,,,,,,,,,,,,,,PGIF Finisterre Uncon EM Fixed Income Fund,,,.0000,9.926300,7.386544,1.343835,n/a,n/a,n/a,n/a,n/a,n/a,n/a,n/a,n/a,n/a,,,0,1481083637,.000000000,.000000,.000000000,,EndofRow,
PRINCIPAL GLOBAL INVESTOR FUNDS,PGIF Finisterre Uncon EM Fixed Income Fund,I2 Class Income Units,05/05/2023,USD,USD,9.2127,9.1972,.02,.17,,,.00,16382521.81,16.38,1778250.141,,,,IE00BYP54P08,PGFUI2I ID,,,BYP54P0,,,,,A2JRGZ,,,,,,,PGIF Finisterre Uncon EM Fixed Income Fund,,,.0000,9.212721,9.212721,1.000000,n/a,n/a,n/a,n/a,n/a,n/a,n/a,n/a,n/a,n/a,,,0,1481083637,.000000000,.000000,.000000000,,EndofRow,
PRINCIPAL GLOBAL INVESTOR FUNDS,PGIF U.S Blue Chip Equity Fund,USD I Class Accumulation,05/05/2023,USD,USD,14.15,13.90,.25,1.80,,,.00,77269723.53,77.27,5459737.624,,,,IE00BKDSD120,PUBCIAU ID,,,BKDSD12,,,,,A2PQN6,,,,,,,PGIF U.S Blue Chip Equity Fund,,,.0000,14.152644,14.152644,1.000000,n/a,n/a,n/a,n/a,n/a,n/a,n/a,n/a,n/a,n/a,,,0,82711126,.000000000,.000000,.000000000,,EndofRow,
PRINCIPAL GLOBAL INVESTOR FUNDS,PGIF U.S Blue Chip Equity Fund,N Class Income Units,05/05/2023,USD,USD,9.87,9.69,.18,1.86,,,.00,89627.19,.09,9084.726,,,,IE00BKFHVS02,PRBCENU ID,,,BKFHVS0,,,,,A2QHPP,,,,,,,PGIF U.S Blue Chip Equity Fund,,,.0000,9.865701,9.865701,1.000000,n/a,n/a,n/a,n/a,n/a,n/a,n/a,n/a,n/a,n/a,,,0,82711126,.000000000,.000000,.000000000,,EndofRow,
PRINCIPAL GLOBAL INVESTOR FUNDS,PGIF U.S Blue Chip Equity Fund,I2 Class Accumulation Units,05/05/2023,USD,USD,7.78,7.65,.13,1.70,,,.00,778.33,.00,100.000,,,,IE00BKFHVP70,PRBCEIU ID,,,BKFHVP7,,,,,A3CXA6,,,,,,,PGIF U.S Blue Chip Equity Fund,,,.0000,7.783300,7.783300,1.000000,n/a,n/a,n/a,n/a,n/a,n/a,n/a,n/a,n/a,n/a,,,0,82711126,.000000000,.000000,.000000000,,EndofRow,
PRINCIPAL GLOBAL INVESTOR FUNDS,PGIF U.S Blue Chip Equity Fund,I2 Class Income Units,05/05/2023,USD,USD,7.78,7.64,.14,1.83,,,.00,778.33,.00,100.009,,,,IE00BKFHVQ87,PRBCEI2 ID,,,BKFHVQ8,,,,,A3CXA7,,,,,,,PGIF U.S Blue Chip Equity Fund,,,.0000,7.782600,7.782600,1.000000,n/a,n/a,n/a,n/a,n/a,n/a,n/a,n/a,n/a,n/a,,,0,82711126,.000000000,.000000,.000000000,,EndofRow,
PRINCIPAL GLOBAL INVESTOR FUNDS,PGIF U.S Blue Chip Equity Fund,A Class Accumulation Units,05/05/2023,USD,USD,10.59,10.40,.19,1.83,,,.00,30197.97,.03,2852.294,,,,IE00BKFHTJ72,PRGBCEA ID,,,BKFHTJ7,,,,,A2QGRX,,,,,,,PGIF U.S Blue Chip Equity Fund,,,.0000,10.587257,10.587257,1.000000,n/a,n/a,n/a,n/a,n/a,n/a,n/a,n/a,n/a,n/a,,,0,82711126,.000000000,.000000,.000000000,,EndofRow,
PRINCIPAL GLOBAL INVESTOR FUNDS,PGIF U.S Blue Chip Equity Fund,D Class Accumulation Units,05/05/2023,USD,USD,11.13,10.94,.19,1.74,,,.00,3366600.40,3.37,302347.383,,,,IE00BKFHVJ11,PUSBCDU ID,,,BKFHVJ1,,,,,A2P7NP,,,,,,,PGIF U.S Blue Chip Equity Fund,,,.0000,11.134875,11.134875,1.000000,n/a,n/a,n/a,n/a,n/a,n/a,n/a,n/a,n/a,n/a,,,0,82711126,.000000000,.000000,.000000000,,EndofRow,
PRINCIPAL GLOBAL INVESTOR FUNDS,PGIF U.S Blue Chip Equity Fund,GBP N Class Accumulation Units,05/05/2023,USD,GBP,8.28,8.16,.12,1.47,,,.00,758.30,.00,72.608,,,,IE00BKFHW433,PRBCENG ID,,,BKFHW43,,,,,A3CXBJ,,,,,,,PGIF U.S Blue Chip Equity Fund,,,.0000,8.277853,10.443753,.792613,n/a,n/a,n/a,n/a,n/a,n/a,n/a,n/a,n/a,n/a,,,0,82711126,.000000000,.000000,.000000000,,EndofRow,
PRINCIPAL GLOBAL INVESTOR FUNDS,PGIF U.S Blue Chip Equity Fund,F Class Accumulation Units,05/05/2023,USD,USD,10.99,10.80,.19,1.76,,,.00,1099.37,.00,100.000,,,,IE00BKFHVL33,PUSBCFU ID,,,BKFHVL3,,,,,A2P7NQ,,,,,,,PGIF U.S Blue Chip Equity Fund,,,.0000,10.993700,10.993700,1.000000,n/a,n/a,n/a,n/a,n/a,n/a,n/a,n/a,n/a,n/a,,,0,82711126,.000000000,.000000,.000000000,,EndofRow,
PRINCIPAL GLOBAL INVESTOR FUNDS,PGIF U.S Blue Chip Equity Fund,N Class Accumulation Units,05/05/2023,USD,USD,11.34,11.14,.20,1.80,,,.00,1950590.96,1.95,172023.408,,,,IE00BKFHVR94,PUSBCNU ID,,,BKFHVR9,,,,,A2P7NR,,,,,,,PGIF U.S Blue Chip Equity Fund,,,.0000,11.339102,11.339102,1.000000,n/a,n/a,n/a,n/a,n/a,n/a,n/a,n/a,n/a,n/a,,,0,82711126,.000000000,.000000,.000000000,,EndofRow,
PRINCIPAL GLOBAL INVESTOR FUNDS,PGIF U.S Blue Chip Equity Fund,D Class Income Units,05/05/2023,USD,USD,9.72,9.54,.18,1.89,,,.00,971.60,.00,100.000,,,,IE00BKFHVK26,PRBCEDU ID,,,BKFHVK2,,,,,A2QHPN,,,,,,,PGIF U.S Blue Chip Equity Fund,,,.0000,9.716000,9.716000,1.000000,n/a,n/a,n/a,n/a,n/a,n/a,n/a,n/a,n/a,n/a,,,0,82711126,.000000000,.000000,.000000000,,EndofRow,
PRINCIPAL GLOBAL INVESTOR FUNDS,PGIF Asian High Yield Fund,D2 Class Income Units,05/05/2023,USD,USD,5.6834,5.7013,-.02,-.31,,,.00,1523379.65,1.52,268040.262,,,,IE00BK1X4P03,PRAHYDU ID,,,BK1X4P0,,,,,A2PX19,,,,,,,PGIF Asian High Yield Fund,,,.0000,5.683399,5.683399,1.000000,n/a,n/a,n/a,n/a,n/a,n/a,n/a,n/a,n/a,n/a,,,0,36141776,.000000000,.000000,.000000000,,EndofRow,
PRINCIPAL GLOBAL INVESTOR FUNDS,PGIF Asian High Yield Fund,A2 Class Income Units,05/05/2023,USD,USD,7.0470,7.0692,-.02,-.31,,,.00,831.64,.00,118.013,,,,IE00BK1X4L64,PRAHYAU ID,,,BK1X4L6,,,,,A3CW86,,,,,,,PGIF Asian High Yield Fund,,,.0000,7.047020,7.047020,1.000000,n/a,n/a,n/a,n/a,n/a,n/a,n/a,n/a,n/a,n/a,,,0,36141776,.000000000,.000000,.000000000,,EndofRow,
PRINCIPAL GLOBAL INVESTOR FUNDS,PGIF Asian High Yield Fund,I Class Acc Units,05/05/2023,USD,USD,7.8864,7.9110,-.02,-.31,,,.00,32899255.56,32.90,4171670.402,,,,IE00BK1X4S34,PRAHYIU ID,,,BK1X4S3,,,,,A2PX2A,,,,,,,PGIF Asian High Yield Fund,,,.0000,7.886351,7.886351,1.000000,n/a,n/a,n/a,n/a,n/a,n/a,n/a,n/a,n/a,n/a,,,0,36141776,.000000000,.000000,.000000000,,EndofRow,
PRINCIPAL GLOBAL INVESTOR FUNDS,PGIF Asian High Yield Fund,D2 CLASS INCOME PLUS UNITS,05/05/2023,USD,USD,6.3478,6.3678,-.02,-.31,,,.00,141909.34,.14,22355.824,,,,IE00BK5LYV68,PAHD2PU ID,,,BK5LYV6,,,,,A2P5B5,,,,,,,PGIF Asian High Yield Fund,,,.0000,6.347757,6.347757,1.000000,n/a,n/a,n/a,n/a,n/a,n/a,n/a,n/a,n/a,n/a,,,0,36141776,.000000000,.000000,.000000000,,EndofRow,
PRINCIPAL GLOBAL INVESTOR FUNDS,PGIF Asian High Yield Fund,HONG KONG DOLLAR D2 CLASS INCOME PLUS UNITS,05/05/2023,USD,HKD,6.4214,6.4419,-.02,-.32,,,.00,124634.33,.12,152314.377,,,,IE00BK5LYW75,PAHD2PH ID,,,BK5LYW7,,,,,A2P5B6,,,,,,,PGIF Asian High Yield Fund,,,.0000,6.421377,.818270,7.847501,n/a,n/a,n/a,n/a,n/a,n/a,n/a,n/a,n/a,n/a,,,0,36141776,.000000000,.000000,.000000000,,EndofRow,
PRINCIPAL GLOBAL INVESTOR FUNDS,PGIF Asian High Yield Fund,I2 Accumulation Units,05/05/2023,USD,USD,8.1577,8.1832,-.03,-.31,,,.00,1060048.79,1.06,129945.041,,,,IE00BK1X4V62,PRAHI2U ID,,,BK1X4V6,,,,,A3CW9C,,,,,,,PGIF Asian High Yield Fund,,,.0000,8.157670,8.157670,1.000000,n/a,n/a,n/a,n/a,n/a,n/a,n/a,n/a,n/a,n/a,,,0,36141776,.000000000,.000000,.000000000,,EndofRow,
PRINCIPAL GLOBAL INVESTOR FUNDS,PGIF Asian High Yield Fund,I2 Income Units,05/05/2023,USD,USD,6.9600,6.9818,-.02,-.31,,,.00,390886.10,.39,56161.632,,,,IE00BK1X4W79,PRAHYI2 ID,,,BK1X4W7,,,,,A3CW9D,,,,,,,PGIF Asian High Yield Fund,,,.0000,6.960020,6.960020,1.000000,n/a,n/a,n/a,n/a,n/a,n/a,n/a,n/a,n/a,n/a,,,0,36141776,.000000000,.000000,.000000000,,EndofRow,
PRINCIPAL GLOBAL INVESTOR FUNDS,PGIF Asian High Yield Fund,A Class Accumulation Units,05/05/2023,USD,USD,8.3014,8.3276,-.03,-.31,,,.00,830.14,.00,100.000,,,,IE00BK1X4J43,PRAHYAA ID,,,BK1X4J4,,,,,A3CW84,,,,,,,PGIF Asian High Yield Fund,,,.0000,8.301400,8.301400,1.000000,n/a,n/a,n/a,n/a,n/a,n/a,n/a,n/a,n/a,n/a,,,0,36141776,.000000000,.000000,.000000000,,EndofRow,
PRINCIPAL GLOBAL INVESTOR FUNDS,PGIF Finisterre VAG Unconstrained EM Fixed Income Fund,EURO HEDGED I2 CLASS ACCUMULATION UNITS,05/05/2023,USD,EUR,10.2653,10.2500,.02,.15,,,.00,116726359.07,116.73,10331352.258,,,,IE00BKM68X43,PFFII2H ID,,,BKM68X4,,,,,A2P3RT,,,,,,,PGIF Finisterre VAG Unconstrained EM Fixed Income Fund,,,.0000,10.265289,11.298265,.908572,n/a,n/a,n/a,n/a,n/a,n/a,n/a,n/a,n/a,n/a,,,0,201060527,.000000000,.000000,.000000000,,EndofRow,
PRINCIPAL GLOBAL INVESTOR FUNDS,PGIF Finisterre VAG Unconstrained EM Fixed Income Fund,EURO HEDGED I2 CLASS INCOME UNITS,05/05/2023,USD,EUR,8.4542,8.4416,.01,.15,,,.00,80980644.09,80.98,8702979.303,,,,IE00BKM68Y59,PRFIEME ID,,,BKM68Y5,,,,,A2QAXY,,,,,,,PGIF Finisterre VAG Unconstrained EM Fixed Income Fund,,,.0000,8.454203,9.304934,.908572,n/a,n/a,n/a,n/a,n/a,n/a,n/a,n/a,n/a,n/a,,,0,201060527,.000000000,.000000,.000000000,,EndofRow,
PRINCIPAL GLOBAL INVESTOR FUNDS,PGIF Finisterre VAG Unconstrained EM Fixed Income Fund,I CLASS ACCUMULATION UNITS,05/05/2023,USD,USD,10.0981,10.0826,.02,.15,,,.00,3353523.86,3.35,332093.283,,,,IE00BKM68N45,PVEGIIU ID,,,BKM68N4,,,,,A2P79K,,,,,,,PGIF Finisterre VAG Unconstrained EM Fixed Income Fund,,,.0000,10.098138,10.098138,1.000000,n/a,n/a,n/a,n/a,n/a,n/a,n/a,n/a,n/a,n/a,,,0,201060527,.000000000,.000000,.000000000,,EndofRow,
PRINCIPAL GLOBAL INVESTOR FUNDS,PGIF Finisterre Emerging Markets Debt Eur Inc Fund,EUR I Acc,05/05/2023,EUR,EUR,9.1965,9.1923,.00,.05,,,.00,20251049.83,20.25,2202033.422,,,,IE00BJK0G937,PRDEIIEID,,,BJK0G93,,,,,A2P87Q,,,,,,,PGIF Finisterre Emerging Markets Debt Eur Inc Fund,,,.0000,9.196522,9.196522,1.000000,n/a,n/a,n/a,n/a,n/a,n/a,n/a,n/a,n/a,n/a,,,0,27308930,.000000000,.000000,.000000000,,EndofRow,
PRINCIPAL GLOBAL INVESTOR FUNDS,PGIF Finisterre Emerging Markets Debt Eur Inc Fund,EUR I2 Acc,05/05/2023,EUR,EUR,9.2461,9.2418,.00,.05,,,.00,1404485.89,1.40,151900.869,,,,IE00BJK0BG56,PDEII2EID,,,BJK0BG5,,,,,A2P87R,,,,,,,PGIF Finisterre Emerging Markets Debt Eur Inc Fund,,,.0000,9.246069,9.246069,1.000000,n/a,n/a,n/a,n/a,n/a,n/a,n/a,n/a,n/a,n/a,,,0,27308930,.000000000,.000000,.000000000,,EndofRow,
PRINCIPAL GLOBAL INVESTOR FUNDS,PGIF Finisterre Emerging Markets Debt Eur Inc Fund,EUR N Inc,05/05/2023,EUR,EUR,8.4007,8.3969,.00,.05,,,.00,1345127.26,1.35,160119.992,,,,IE00BLB25L74,PRDEINEID,,,BLB25L7,,,,,A2P87S,,,,,,,PGIF Finisterre Emerging Markets Debt Eur Inc Fund,,,.0000,8.400745,8.400745,1.000000,n/a,n/a,n/a,n/a,n/a,n/a,n/a,n/a,n/a,n/a,,,0,27308930,.000000000,.000000,.000000000,,EndofRow,
PRINCIPAL GLOBAL INVESTOR FUNDS,PGIF Finisterre Emerging Markets Debt Eur Inc Fund,EUR A Acc,05/05/2023,EUR,EUR,9.0253,9.0213,.00,.04,,,.00,1324999.79,1.32,146809.617,,,,IE00BJK0G374,PRDEIAE ID,,,BJK0G37,,,,,A2P87T,,,,,,,PGIF Finisterre Emerging Markets Debt Eur Inc Fund,,,.0000,9.025293,9.025293,1.000000,n/a,n/a,n/a,n/a,n/a,n/a,n/a,n/a,n/a,n/a,,,0,27308930,.000000000,.000000,.000000000,,EndofRow,
PRINCIPAL GLOBAL INVESTOR FUNDS,PGIF Finisterre Emerging Markets Debt Eur Inc Fund,USD Hedged I Acc,05/05/2023,EUR,USD,9.6023,9.5974,.00,.05,,,.00,1526764.67,1.53,175000.000,,,,IE00BLB2CC78,PDEIIHUID,,,BLB2CC7,,,,,A2P87U,,,,,,,PGIF Finisterre Emerging Markets Debt Eur Inc Fund,,,.0000,9.602286,8.724370,1.100628,n/a,n/a,n/a,n/a,n/a,n/a,n/a,n/a,n/a,n/a,,,0,27308930,.000000000,.000000,.000000000,,EndofRow,
PRINCIPAL GLOBAL INVESTOR FUNDS,PGIF Finisterre Emerging Markets Debt Eur Inc Fund,CHF Hedged I Acc,05/05/2023,EUR,CHF,9.0642,9.0609,.00,.04,,,.00,1456503.04,1.46,157869.250,,,,IE00BJK0B656,PRDEIIHID,,,BJK0B65,,,,,A2P87V,,,,,,,PGIF Finisterre Emerging Markets Debt Eur Inc Fund,,,.0000,9.064233,9.226008,.982465,n/a,n/a,n/a,n/a,n/a,n/a,n/a,n/a,n/a,n/a,,,0,27308930,.000000000,.000000,.000000000,,EndofRow,
PRINCIPAL GLOBAL INVESTOR FUNDS,PGIF Global Sustainable Listed Infrastructure Fund,I Class Accumulation,05/05/2023,USD,USD,10.77,10.64,.13,1.22,,,.00,10632311.66,10.63,987510.431,,,,IE000MN8NLG7,PRSLIIA ID,,,BMXZGJ6,,,,,A3C7B7,,,,,,,PGIF Global Sustainable Listed Infrastructure Fund,,,.0000,10.766784,10.766784,1.000000,n/a,n/a,n/a,n/a,n/a,n/a,n/a,n/a,n/a,n/a,,,0,11681940,.000000000,.000000,.000000000,,EndofRow,
PRINCIPAL GLOBAL INVESTOR FUNDS,PGIF Global Sustainable Listed Infrastructure Fund,I Class Income,05/05/2023,USD,USD,10.59,10.47,.12,1.15,,,.00,269267.47,.27,25424.888,,,,IE000N6BPCW5,PRSLIIU ID,,,BMXZGK7,,,,,A3C7B8,,,,,,,PGIF Global Sustainable Listed Infrastructure Fund,,,.0000,10.590704,10.590704,1.000000,n/a,n/a,n/a,n/a,n/a,n/a,n/a,n/a,n/a,n/a,,,0,11681940,.000000000,.000000,.000000000,,EndofRow,
PRINCIPAL GLOBAL INVESTOR FUNDS,PGIF Global Sustainable Listed Infrastructure Fund,N Class Accumulation,05/05/2023,USD,USD,10.74,10.62,.12,1.13,,,.00,268572.12,.27,25000.000,,,,IE000FLLTES5,PRSLINU ID,,,BMXZGS5,,,,,A3C7CF,,,,,,,PGIF Global Sustainable Listed Infrastructure Fund,,,.0000,10.742885,10.742885,1.000000,n/a,n/a,n/a,n/a,n/a,n/a,n/a,n/a,n/a,n/a,,,0,11681940,.000000000,.000000,.000000000,,EndofRow,
PRINCIPAL GLOBAL INVESTOR FUNDS,PGIF Global Sustainable Listed Infrastructure Fund,EUR Hedged I Class Accumulation,05/05/2023,USD,EUR,10.35,10.23,.12,1.17,,,.00,248415.31,.25,21811.364,,,,IE0008FY3037,PRSLIIH ID,,,BMXZGY1,,,,,A3C7CL,,,,,,,PGIF Global Sustainable Listed Infrastructure Fund,,,.0000,10.347965,11.389261,.908572,n/a,n/a,n/a,n/a,n/a,n/a,n/a,n/a,n/a,n/a,,,0,11681940,.000000000,.000000,.000000000,,EndofRow,
PRINCIPAL GLOBAL INVESTOR FUNDS,PGIF Global Sustainable Listed Infrastructure Fund,CHF Hedged I Class Accumulation,05/05/2023,USD,CHF,10.23,10.12,.11,1.09,,,.00,263373.01,.26,22979.173,,,,IE000SY2JY43,PRSLICH ID,,,BMXZHM6,,,,,A3C7C7,,,,,,,PGIF Global Sustainable Listed Infrastructure Fund,,,.0000,10.230892,11.461379,.892641,n/a,n/a,n/a,n/a,n/a,n/a,n/a,n/a,n/a,n/a,,,0,11681940,.000000000,.000000,.000000000,,EndofRow