Name,ISIN,Transaction Date,Currency Transaction Price,Transaction price,Currency AuM, AuM ,TIS
Inst Liability Driven Euro Core Govt Bond 40,NL0009799246,05-May-23,EUR,158.69,EUR,86157833.63,
Institutional Emerging Markets Fund,NL0000275915,05-May-23,EUR,120.18,EUR,701034632.49,
Robeco QI Customized Emerging Markets Enhanced Index Equities Fund,NL0010280111,05-May-23,EUR,155.42,EUR,1193417271.84,
Robeco Customized Euro Government Bonds Fund - EUR F,NL0012650444,05-May-23,EUR,98.25,EUR,160868633.31,
Robeco Customized Euro Government Bonds Fund - EUR G,NL0012650451,05-May-23,EUR,86.61,EUR,160868633.31,
Robeco Customized Euro Government Bonds Fund - EUR Z,NL0015000Z70,05-May-23,EUR,9.87,EUR,160868633.31,
Robeco Institutional Sustainable Core Euro Bonds,NL0010278982,05-May-23,EUR,101.62,EUR,308282209.25,
Robeco Afrika Fonds,NL0006238131,05-May-23,EUR,84.53,EUR,19630814.36,
Robeco Afrika Fonds - EUR G,NL0010510822,05-May-23,EUR,75.12,EUR,19630814.36,
Robeco US Large Cap Equities EUR G E,NL0010831046,05-May-23,EUR,46.68,EUR,111910761.60,
Robeco US Large Cap Equities EUR X E,NL0012650717,05-May-23,EUR,48.21,EUR,111910761.60,
Robeco QI Global Multi-Factor Equities Fund EUR G,NL0011354873,05-May-23,EUR,155.05,EUR,144309622.67,
Robeco QI Global Multi-Factor Equities Fund EUR X,NL0011354881,05-May-23,EUR,139.48,EUR,144309622.67,
Robeco QI Global Developed Enhanced Index Equities Fund,NL0011896998,05-May-23,EUR,160.54,EUR,1516056653.28,
Robeco QI Global Developed Enhanced Index Equities Fund - EUR N,NL0012375307,05-May-23,EUR,163.93,EUR,1516056653.28,
Robeco US Conservative High Dividend Equities EUR G,NL0010619748,05-May-23,EUR,49.51,USD,68095870.84,
Robeco QI Global Developed Conservative Equities Fund - EUR G,NL0011354865,05-May-23,EUR,126.82,EUR,281363788.77,
Robeco QI Global Developed Conservative Equities Fund - EUR X,NL0011354972,05-May-23,EUR,137.00,EUR,281363788.77,
Robeco ONE Defensief,NL0010220810,05-May-23,EUR,132.81,EUR,154592086.49,
Robeco ONE Neutraal,NL0010220828,05-May-23,EUR,157.15,EUR,500510356.89,
Robeco ONE Offensief,NL0010220836,05-May-23,EUR,187.49,EUR,428060190.94,
Robeco Sustainable Global Stars Equities Fund,NL0000289783,05-May-23,EUR,58.42,EUR,3115966036.74,
Robeco Sustainable Global Stars Equities Fund - EUR G,NL0010366407,05-May-23,EUR,64.62,EUR,3115966036.74,
Rolinco,NL0000289817,05-May-23,EUR,51.12,EUR,828365141.96,
Rolinco EUR G,NL0010510798,05-May-23,EUR,55.64,EUR,828365141.96,
Rolinco CP,NL0000288736,05-May-23,EUR,47.96,EUR,5734419.57,
Robeco QI Institutional Emerging Markets Enhanced Index Equities Fund,NL0000688349,05-May-23,EUR,146.84,EUR,897342988.32,
Robeco Life Cycle Fund 2025 F EUR,LU0966309212,05-May-23,EUR,63.49,EUR,24071065.57,
Robeco Life Cycle Fund 2030 F EUR,LU0966309303,05-May-23,EUR,69.77,EUR,44915343.98,
Robeco Life Cycle Fund 2035 F EUR,LU0966309485,05-May-23,EUR,81.17,EUR,40621846.36,
Robeco Life Cycle Fund 2040 F EUR,LU0966309568,05-May-23,EUR,89.99,EUR,29122857.60,
Robeco Life Cycle Fund 2045 F EUR,LU0966309642,05-May-23,EUR,89.13,EUR,15902987.49,
Robeco Life Cycle Fund 2050 F EUR,LU0966309725,05-May-23,EUR,88.30,EUR,7006832.11,
Robeco Life Cycle Fund 2055 F EUR,LU0966309998,05-May-23,EUR,91.18,EUR,4092119.37,
Robeco Life Cycle Fund 2060 F EUR,LU0966310061,05-May-23,EUR,88.94,EUR,3136691.16,
Robeco Life Cycle Fund 2065 F EUR,LU1369249583,05-May-23,EUR,79.04,EUR,764367.60,
Robeco Multi Asset Growth E EUR,LU1387748723,05-May-23,EUR,86.15,EUR,187774535.06,
Robeco Multi Asset Growth G EUR,LU1387748996,05-May-23,EUR,80.14,EUR,187774535.06,
Robeco Multi Asset Growth I USD,LU1629880938,05-May-23,USD,113.31,EUR,187774535.06,
Robeco Multi Asset Growth F EUR,LU1931540345,05-May-23,EUR,93.28,EUR,187774535.06,
Robeco Multi Asset Growth D USD,LU2539469036,05-May-23,USD,112.89,EUR,187774535.06,
Robeco Multi Asset Income E EUR,LU1387747915,05-May-23,EUR,53.46,EUR,152646310.01,
Robeco Multi Asset Income G EUR,LU1387748301,05-May-23,EUR,54.27,EUR,152646310.01,
Robeco Multi Asset Income I USD,LU1629880854,05-May-23,USD,113.86,EUR,152646310.01,
Robeco Multi Asset Income D USD,LU2539469119,05-May-23,USD,113.53,EUR,152646310.01,
Robeco QI European Conservative High Div. Eq. B EUR,LU0312334617,05-May-23,EUR,107.54,EUR,807001637.24,
Robeco QI European Conservative High Div. Eq. C EUR,LU0792910134,05-May-23,EUR,141.72,EUR,807001637.24,
Robeco QI European Conservative Equities D EUR,LU0339661307,05-May-23,EUR,222.61,EUR,807001637.24,
Robeco QI European Conservative Equities F EUR,LU1346203232,05-May-23,EUR,147.96,EUR,807001637.24,
Robeco QI European Conservative Equities I EUR,LU0312333569,05-May-23,EUR,217.78,EUR,807001637.24,
Robeco QI European Conservative Equities IH EUR,LU0808559586,05-May-23,EUR,218.97,EUR,807001637.24,
Robeco QI European Conservative Equities C GBP,LU1321401629,05-May-23,GBP,123.26,EUR,807001637.24,
Robeco QI European Conservative Equities B USD,LU1058972941,05-May-23,USD,88.59,EUR,807001637.24,
Robeco QI European Conservative Equities D USD,LU0910541241,05-May-23,USD,157.29,EUR,807001637.24,
Robeco QI European Conservative Equities DH USD,LU1233759049,05-May-23,USD,153.40,EUR,807001637.24,
Robeco QI European Conservative Equities IH USD,LU1218876149,05-May-23,USD,158.16,EUR,807001637.24,
Robeco QI European Conservative Equities M USD,LU1117476959,05-May-23,USD,129.67,EUR,807001637.24,
Robeco Asia-Pacific Equities D EUR,LU0084617165,05-May-23,EUR,183.71,EUR,445222807.76,
Robeco Asia-Pacific Equities F EUR,LU0871827209,05-May-23,EUR,204.75,EUR,445222807.76,
Robeco Asia-Pacific Equities I EUR,LU1493701376,05-May-23,EUR,138.34,EUR,445222807.76,
Robeco Asia-Pacific Equities D USD,LU0487305319,05-May-23,USD,204.22,EUR,445222807.76,
Robeco Asia-Pacific Equities F USD,LU1278322265,05-May-23,USD,150.72,EUR,445222807.76,
Robeco Asia-Pacific Equities I USD,LU0875837915,05-May-23,USD,170.24,EUR,445222807.76,
Robeco Asia-Pacific Equities M USD,LU1124238186,05-May-23,USD,132.63,EUR,445222807.76,
Robeco Asian Stars Equities D EUR,LU0591059224,05-May-23,EUR,239.29,USD,34976738.00,
Robeco Asian Stars Equities E EUR,LU1143725288,05-May-23,EUR,138.35,USD,34976738.00,
Robeco Asian Stars Equities F EUR,LU0940005217,05-May-23,EUR,209.54,USD,34976738.00,
Robeco Asian Stars Equities F GBP,LU1408525381,05-May-23,GBP,196.01,USD,34976738.00,
Robeco Asian Stars Equities D USD,LU0591060586,05-May-23,USD,162.58,USD,34976738.00,
Robeco Asian Stars Equities DL USD,LU0591061980,05-May-23,USD,148.01,USD,34976738.00,
Robeco Asian Stars Equities I USD,LU1113137688,05-May-23,USD,147.03,USD,34976738.00,
Robeco Asian Stars Equities IL USD,LU0963031652,05-May-23,USD,181.62,USD,34976738.00,
Robeco Asian Stars Equities ML USD,LU1117476876,05-May-23,USD,139.54,USD,34976738.00,
Robeco Chinese A-share Equities D EUR,LU1664415368,05-May-23,EUR,132.74,CNH,7471906840.29,
Robeco Chinese A-share Equities F EUR,LU1664415285,05-May-23,EUR,138.63,CNH,7471906840.29,
Robeco Chinese A-share Equities I EUR,LU1529950088,05-May-23,EUR,83.59,CNH,7471906840.29,
Robeco Chinese A-share Equities I USD,LU1529950328,05-May-23,USD,157.99,CNH,7471906840.29,
Robeco Chinese A-share Equities D USD,LU2207421210,05-May-23,USD,76.71,CNH,7471906840.29,
Robeco Chinese A-share Equities M2 EUR,LU2292538597,05-May-23,EUR,60.11,CNH,7471906840.29,
Robeco Chinese A-share Equities IE EUR,LU2440107501,05-May-23,EUR,71.18,CNH,7471906840.29,
Robeco Corporate Hybrid bonds CH EUR,LU1718492330,05-May-23,EUR,87.42,EUR,227272219.11,
Robeco Corporate Hybrid bonds IH EUR,LU1700711663,05-May-23,EUR,101.17,EUR,227272219.11,
Robeco Corporate Hybrid bonds M2H EUR,LU1874123828,05-May-23,EUR,93.92,EUR,227272219.11,
Robeco Corporate Hybrid bonds IH USD,LU1874124479,05-May-23,USD,112.54,EUR,227272219.11,
Robeco Chinese Equities D EUR,LU0187077309,05-May-23,EUR,91.02,EUR,208183346.17,
Robeco Chinese Equities E EUR,LU0440072071,05-May-23,EUR,121.02,EUR,208183346.17,
Robeco Chinese Equities F EUR,LU0940005134,05-May-23,EUR,173.36,EUR,208183346.17,
Robeco Chinese Equities I EUR,LU0440072238,05-May-23,EUR,93.44,EUR,208183346.17,
Robeco Chinese Equities D USD,LU0374106598,05-May-23,USD,161.25,EUR,208183346.17,
Robeco Chinese Equities I USD,LU0440072402,05-May-23,USD,154.07,EUR,208183346.17,
Robeco Chinese Equities M USD,LU1124238343,05-May-23,USD,117.67,EUR,208183346.17,
RobecoSAM SDG Credit Income Bx USD,LU1806346737,05-May-23,USD,94.96,USD,1031541867.44,
RobecoSAM SDG Credit Income C USD,LU1806346901,05-May-23,USD,95.95,USD,1031541867.44,
RobecoSAM SDG Credit Income I USD,LU1806347115,05-May-23,USD,114.01,USD,1031541867.44,
RobecoSAM SDG Credit Income BxH EUR,LU1806347388,05-May-23,EUR,90.69,USD,1031541867.44,
RobecoSAM SDG Credit Income CH EUR,LU1806347545,05-May-23,EUR,87.94,USD,1031541867.44,
RobecoSAM SDG Credit Income IH EUR,LU1806347891,05-May-23,EUR,102.12,USD,1031541867.44,
RobecoSAM SDG Credit Income CH GBP,LU1857098500,05-May-23,GBP,96.15,USD,1031541867.44,
RobecoSAM SDG Credit Income M2H EUR,LU1945299458,05-May-23,EUR,95.29,USD,1031541867.44,
RobecoSAM SDG Credit Income M3H EUR,LU1945299532,05-May-23,EUR,87.32,USD,1031541867.44,
RobecoSAM SDG Credit Income D2 USD,LU2012947110,05-May-23,USD,102.20,USD,1031541867.44,
RobecoSAM SDG Credit Income D3 USD,LU2012947201,05-May-23,USD,89.55,USD,1031541867.44,
RobecoSAM SDG Credit Income M3 USD,LU2012947466,05-May-23,USD,87.20,USD,1031541867.44,
RobecoSAM SDG Credit Income IE USD,LU2040164530,05-May-23,USD,9431.21,USD,1031541867.44,
RobecoSAM SDG Credit Income BxH SGD,LU2066015582,05-May-23,SGD,86.51,USD,1031541867.44,
RobecoSAM SDG Credit Income BxH HKD,LU2066015665,05-May-23,HKD,87.30,USD,1031541867.44,
RobecoSAM SDG Credit Income DH EUR,LU2091212550,05-May-23,EUR,93.72,USD,1031541867.44,
RobecoSAM SDG Credit Income IBx USD,LU2100416994,05-May-23,USD,88.19,USD,1031541867.44,
RobecoSAM SDG Credit Income IH GBP,LU2154415637,05-May-23,GBP,102.47,USD,1031541867.44,
RobecoSAM SDG Credit Income EH EUR,LU2216803242,05-May-23,EUR,86.07,USD,1031541867.44,
RobecoSAM SDG Credit Income ZBH AUD,LU2230645587,05-May-23,AUD,86.17,USD,1031541867.44,
RobecoSAM SDG Credit Income IBxH SGD,LU2292537946,05-May-23,SGD,84.90,USD,1031541867.44,
RobecoSAM SDG Credit Income F USD,LU2302992347,05-May-23,USD,94.10,USD,1031541867.44,
RobecoSAM SDG Credit Income FH EUR,LU2302992420,05-May-23,EUR,89.95,USD,1031541867.44,
RobecoSAM SDG Credit Income ZH EUR,LU2400458001,05-May-23,EUR,91.03,USD,1031541867.44,
RobecoSAM SDG Credit Income IBH GBP,LU2408968936,05-May-23,GBP,86.67,USD,1031541867.44,
Robeco Global Consumer Trends B USD,LU0951559953,05-May-23,USD,177.67,EUR,3660836174.82,
Robeco Global Consumer Trends D EUR,LU0187079347,05-May-23,EUR,294.71,EUR,3660836174.82,
Robeco Global Consumer Trends D USD,LU0554840073,05-May-23,USD,328.05,EUR,3660836174.82,
Robeco Global Consumer Trends E EUR,LU1143725015,05-May-23,EUR,216.76,EUR,3660836174.82,
Robeco Global Consumer Trends F EUR,LU0871827464,05-May-23,EUR,346.21,EUR,3660836174.82,
Robeco Global Consumer Trends F USD,LU1193126809,05-May-23,USD,200.31,EUR,3660836174.82,
Robeco Global Consumer Trends M EUR,LU0554840230,05-May-23,EUR,383.32,EUR,3660836174.82,
Robeco Global Consumer Trends M2 EUR,LU1648456561,05-May-23,EUR,153.50,EUR,3660836174.82,
Robeco Global Consumer Trends Z EUR,LU0363372490,05-May-23,EUR,712.04,EUR,3660836174.82,
Robeco Global Consumer Trends I EUR,LU0717821077,05-May-23,EUR,444.88,EUR,3660836174.82,
Robeco Global Consumer Trends F GBP,LU1408525464,05-May-23,GBP,237.36,EUR,3660836174.82,
Robeco Global Consumer Trends DH USD,LU1208677507,05-May-23,USD,195.09,EUR,3660836174.82,
Robeco Global Consumer Trends I USD,LU0936248318,05-May-23,USD,258.12,EUR,3660836174.82,
Robeco Global Consumer Trends IH USD,LU1233758660,05-May-23,USD,201.72,EUR,3660836174.82,
Robeco Global Consumer Trends M USD,LU0699433149,05-May-23,USD,295.47,EUR,3660836174.82,
Robeco Global Consumer Trends FH EUR,LU1840769696,05-May-23,EUR,124.97,EUR,3660836174.82,
Robeco Global Consumer Trends DH EUR,LU1834769124,05-May-23,EUR,119.22,EUR,3660836174.82,
Robeco Global Consumer Trends M2H USD,LU1940064972,05-May-23,USD,132.05,EUR,3660836174.82,
Robeco Global Consumer Trends D2 USD,LU2027351696,05-May-23,USD,114.51,EUR,3660836174.82,
Robeco Global Consumer Trends FH CHF,LU2174789870,05-May-23,CHF,100.24,EUR,3660836174.82,
Robeco Global Consumer Trends D HKD,LU2258287171,05-May-23,HKD,81.08,EUR,3660836174.82,
Robeco Global Consumer Trends D SGD,LU2258287254,05-May-23,SGD,79.05,EUR,3660836174.82,
Robeco QI Global Developed Conservative Equities B CAD,LU1685730068,05-May-23,CAD,108.67,EUR,210474374.21,
Robeco QI Global Developed Conservative Equities D EUR,LU1274519823,05-May-23,EUR,156.12,EUR,210474374.21,
Robeco QI Global Developed Conservative Equities I EUR,LU1274520086,05-May-23,EUR,159.82,EUR,210474374.21,
Robeco QI Global Developed Conservative Equities IH EUR,LU1793228112,05-May-23,EUR,122.11,EUR,210474374.21,
Robeco QI Global Developed Conservative Equities D USD,LU1274520169,05-May-23,USD,149.75,EUR,210474374.21,
Robeco QI Global Developed Conservative Equities I USD,LU1274520243,05-May-23,USD,155.69,EUR,210474374.21,
Robeco QI Global Developed Conservative Equities Z CAD,LU1493700485,05-May-23,CAD,114.36,EUR,210474374.21,
Robeco All Strategy Euro Bonds B EUR,LU0528646820,05-May-23,EUR,81.20,EUR,245410269.98,
Robeco All Strategy Euro Bonds C EUR,LU0940005050,05-May-23,EUR,86.53,EUR,245410269.98,
Robeco All Strategy Euro Bonds D EUR,LU0085135894,05-May-23,EUR,82.25,EUR,245410269.98,
Robeco All Strategy Euro Bonds F EUR,LU0940007262,05-May-23,EUR,107.33,EUR,245410269.98,
Robeco All Strategy Euro Bonds I EUR,LU0210247085,05-May-23,EUR,143.60,EUR,245410269.98,
Robeco Euro Credit Bonds C EUR,LU1025004745,05-May-23,EUR,86.03,EUR,1310096185.40,
Robeco Euro Credit Bonds D EUR,LU0213453771,05-May-23,EUR,133.93,EUR,1310096185.40,
Robeco Euro Credit Bonds F EUR,LU0971564843,05-May-23,EUR,112.28,EUR,1310096185.40,
Robeco Euro Credit Bonds I EUR,LU0210246277,05-May-23,EUR,146.42,EUR,1310096185.40,
Robeco Euro Credit Bonds M2 EUR,LU1648457379,05-May-23,EUR,90.20,EUR,1310096185.40,
Robeco Euro Credit Bonds Z EUR,LU0357605475,05-May-23,EUR,159.55,EUR,1310096185.40,
Robeco Euro Credit Bonds DH CHF,LU0808559826,05-May-23,CHF,109.55,EUR,1310096185.40,
Robeco Euro Government Bonds C EUR,LU0620638824,05-May-23,EUR,92.40,EUR,843406579.06,
Robeco Euro Government Bonds D EUR,LU0213453268,05-May-23,EUR,142.01,EUR,843406579.06,
Robeco Euro Government Bonds E EUR,LU0770131059,05-May-23,EUR,92.60,EUR,843406579.06,
Robeco Euro Government Bonds F EUR,LU0832429905,05-May-23,EUR,112.61,EUR,843406579.06,
Robeco Euro Government Bonds G EUR,LU1736382992,05-May-23,EUR,88.27,EUR,843406579.06,
Robeco Euro Government Bonds I EUR,LU0210245469,05-May-23,EUR,151.62,EUR,843406579.06,
Robeco Euro Government Bonds IH USD,LU1218873120,05-May-23,USD,109.12,EUR,843406579.06,
Robeco Euro Government Bonds IHI EUR,LU0853036605,05-May-23,EUR,98.02,EUR,843406579.06,
Robeco Euro Government Bonds 2C EUR,LU1241712022,05-May-23,EUR,75.55,EUR,843406579.06,
Robeco Euro Government Bonds 2E EUR,LU1241712378,05-May-23,EUR,78.71,EUR,843406579.06,
Robeco Euro Government Bonds 2F EUR,LU1241712295,05-May-23,EUR,87.60,EUR,843406579.06,
Robeco Euro Government Bonds 2I EUR,LU1241712451,05-May-23,EUR,87.92,EUR,843406579.06,
Robeco European High Yield Bonds DH EUR,LU0226953981,05-May-23,EUR,220.22,EUR,190483010.07,
Robeco European High Yield Bonds EH EUR,LU1143725106,05-May-23,EUR,96.68,EUR,190483010.07,
Robeco European High Yield Bonds FH EUR,LU0940007346,05-May-23,EUR,137.18,EUR,190483010.07,
Robeco European High Yield Bonds IH EUR,LU0226955762,05-May-23,EUR,244.57,EUR,190483010.07,
Robeco European High Yield Bonds DH CHF,LU1408526603,05-May-23,CHF,110.93,EUR,190483010.07,
Robeco European High Yield Bonds FH CHF,LU1395470989,05-May-23,CHF,115.09,EUR,190483010.07,
Robeco European High Yield Bonds DH USD,LU1408526512,05-May-23,USD,132.50,EUR,190483010.07,
Robeco European High Yield Bonds 0IH EUR,LU1040800143,05-May-23,EUR,120.65,EUR,190483010.07,
Robeco European High Yield Bonds MBXH USD,LU2080583557,05-May-23,USD,81.33,EUR,190483010.07,
Robeco QI Emerging Markets Active Equities D EUR,LU0329355670,05-May-23,EUR,203.63,EUR,798585859.87,
Robeco QI Emerging Markets Active Equities E EUR,LU0910072312,05-May-23,EUR,117.77,EUR,798585859.87,
Robeco QI Emerging Markets Active Equities F EUR,LU0940007189,05-May-23,EUR,177.27,EUR,798585859.87,
Robeco QI Emerging Markets Active Equities G EUR,LU0951559441,05-May-23,EUR,97.83,EUR,798585859.87,
Robeco QI Emerging Markets Active Equities I EUR,LU0329356306,05-May-23,EUR,224.69,EUR,798585859.87,
Robeco QI Emerging Markets Active Equities D USD,LU0565011698,05-May-23,USD,132.43,EUR,798585859.87,
Robeco QI Emerging Markets Active Equities I USD,LU0858455784,05-May-23,USD,140.76,EUR,798585859.87,
Robeco QI Emerging Markets Active Equities IE EUR,LU1940065789,05-May-23,EUR,107.27,EUR,798585859.87,
Robeco QI Emerging Markets Sustainable Active Equities I USD,LU1140784411,05-May-23,USD,138.27,USD,132061314.56,
Robeco QI Emerging Markets Sustainable Active Equities D EUR,LU1648456991,05-May-23,EUR,116.51,USD,132061314.56,
Robeco QI Emerging Markets Sustainable Active Equities F EUR,LU1648457023,05-May-23,EUR,120.43,USD,132061314.56,
Robeco QI Emerging Markets Sustainable Active Equities I EUR,LU1140784502,05-May-23,EUR,156.13,USD,132061314.56,
Robeco QI Emerging Markets Sustainable Active Equities Z EUR,LU1821198063,05-May-23,EUR,113.53,USD,132061314.56,
Robeco QI Emerging Conservative Equities ZB AUD,LU0969500551,05-May-23,AUD,140.93,USD,2323948300.39,
Robeco QI Emerging Conservative High Div. Eq. B EUR,LU0582532197,05-May-23,EUR,97.61,USD,2323948300.39,
Robeco QI Emerging Conservative Equities B USD,LU0951559870,05-May-23,USD,77.16,USD,2323948300.39,
Robeco QI Emerging Conservative High Div. Eq. C EUR,LU0792910217,05-May-23,EUR,95.64,USD,2323948300.39,
Robeco QI Emerging Conservative Equities C USD,LU0944708386,05-May-23,USD,80.49,USD,2323948300.39,
Robeco QI Emerging Conservative Equities D EUR,LU0582533245,05-May-23,EUR,181.28,USD,2323948300.39,
Robeco QI Emerging Conservative Equities D GBP,LU1152267974,05-May-23,GBP,154.10,USD,2323948300.39,
Robeco QI Emerging Conservative Equities D USD,LU0854930350,05-May-23,USD,126.88,USD,2323948300.39,
Robeco QI Emerging Conservative Equities F EUR,LU0940007007,05-May-23,EUR,155.33,USD,2323948300.39,
Robeco QI Emerging Conservative Equities F GBP,LU1152268352,05-May-23,GBP,162.33,USD,2323948300.39,
Robeco QI Emerging Conservative Equities F USD,LU1152268436,05-May-23,USD,130.85,USD,2323948300.39,
Robeco QI Emerging Conservative Equities G GBP,LU1152268519,05-May-23,GBP,124.34,USD,2323948300.39,
Robeco QI Emerging Conservative Equities G USD,LU1152268600,05-May-23,USD,100.90,USD,2323948300.39,
Robeco QI Emerging Conservative Equities I EUR,LU0582530498,05-May-23,EUR,195.70,USD,2323948300.39,
Robeco QI Emerging Conservative Equities I GBP,LU0875838053,05-May-23,GBP,162.36,USD,2323948300.39,
Robeco QI Emerging Conservative Equities IE EUR,LU1233758587,05-May-23,EUR,88.90,USD,2323948300.39,
Robeco QI Emerging Conservative Equities I USD,LU0821169231,05-May-23,USD,142.16,USD,2323948300.39,
Robeco QI Emerging Conservative Equities Z CAD,LU2100416648,05-May-23,CAD,107.41,USD,2323948300.39,
Robeco Sustainable Emerging Credits Z USD,LU1071420613,05-May-23,USD,140.07,USD,153855812.91,
Robeco Sustainable Emerging Credits FH EUR,LU1082323582,05-May-23,EUR,111.31,USD,153855812.91,
Robeco Sustainable Emerging Credits D USD,LU1143725874,05-May-23,USD,122.24,USD,153855812.91,
Robeco Sustainable Emerging Credits I USD,LU1599173124,05-May-23,USD,109.52,USD,153855812.91,
Robeco Sustainable Emerging Credits IH CHF,LU2539431903,05-May-23,CHF,106.67,USD,153855812.91,
Robeco Sustainable Emerging Credits ZH EUR,LU2554843388,05-May-23,EUR,104.55,USD,153855812.91,
Robeco Sustainable Emerging Credits D3 USD,LU2582978222,05-May-23,USD,100.00,USD,153855812.91,
Robeco Sustainable Emerging Credits IBx USD,LU2582978651,05-May-23,USD,100.77,USD,153855812.91,
Robeco Sustainable Emerging Credits M USD,LU2582978495,05-May-23,USD,101.61,USD,153855812.91,
Robeco Sustainable Emerging Credits M3 USD,LU2582978578,05-May-23,USD,99.79,USD,153855812.91,
Robeco Emerging Markets Equities D EUR,LU0187076913,05-May-23,EUR,207.15,EUR,821918875.76,
Robeco Emerging Markets Equities F EUR,LU0792910308,05-May-23,EUR,166.30,EUR,821918875.76,
Robeco Emerging Markets Equities I EUR,LU0209325462,05-May-23,EUR,393.38,EUR,821918875.76,
Robeco Emerging Markets Equities M EUR,LU0128640439,05-May-23,EUR,147.89,EUR,821918875.76,
Robeco Emerging Markets Equities D USD,LU0269635834,05-May-23,USD,171.47,EUR,821918875.76,
Robeco Emerging Markets Equities F USD,LU0971565816,05-May-23,USD,136.97,EUR,821918875.76,
Robeco Emerging Markets Equities I USD,LU0478762148,05-May-23,USD,138.78,EUR,821918875.76,
Robeco Emerging Markets Equities J USD,LU0471362292,05-May-23,USD,142.83,EUR,821918875.76,
Robeco Emerging Markets Equities M USD,LU1408526785,05-May-23,USD,147.29,EUR,821918875.76,
Robeco Emerging Markets Equities M2 EUR,LU1840771080,05-May-23,EUR,109.36,EUR,821918875.76,
Robeco Emerging Markets Equities I SEK,LU2324509913,05-May-23,SEK,93.16,EUR,821918875.76,
Robeco Emerging Markets Equities D SEK,LU2324510093,05-May-23,SEK,91.64,EUR,821918875.76,
Robeco QI Emerging Markets Enhanced Index Equities D EUR,LU1648457452,05-May-23,EUR,116.25,USD,104305961.14,
Robeco QI Emerging Markets Enhanced Index Equities Z EUR,LU0853036514,05-May-23,EUR,166.20,USD,104305961.14,
Robeco QI Emerging Markets Enhanced Index Equities I USD,LU0746585719,05-May-23,USD,135.28,USD,104305961.14,
RobecoSAM Euro SDG Credits IEH CHF,LU1395480277,05-May-23,CHF,86.30,EUR,1089809800.20,
RobecoSAM Euro SDG Credits IH CHF,LU1395477489,05-May-23,CHF,95.35,EUR,1089809800.20,
RobecoSAM Euro SDG Credits B EUR,LU0503372517,05-May-23,EUR,83.22,EUR,1089809800.20,
RobecoSAM Euro SDG Credits C EUR,LU0940006967,05-May-23,EUR,85.69,EUR,1089809800.20,
RobecoSAM Euro SDG Credits D EUR,LU0503372608,05-May-23,EUR,122.01,EUR,1089809800.20,
RobecoSAM Euro SDG Credits F EUR,LU0940006884,05-May-23,EUR,109.49,EUR,1089809800.20,
RobecoSAM Euro SDG Credits I EUR,LU0503372780,05-May-23,EUR,129.02,EUR,1089809800.20,
RobecoSAM Euro SDG Credits IH GBP,LU1807417479,05-May-23,GBP,99.41,EUR,1089809800.20,
RobecoSAM Euro SDG Credits 0E EUR,LU1241712618,05-May-23,EUR,83.74,EUR,1089809800.20,
RobecoSAM Euro SDG Credits IE EUR,LU1821197412,05-May-23,EUR,9200.70,EUR,1089809800.20,
RobecoSAM Euro SDG Credits IH USD,LU2258286959,05-May-23,USD,91.17,EUR,1089809800.20,
Robeco Emerging Stars Equities D EUR,LU0254836850,05-May-23,EUR,236.87,EUR,1536413070.80,
Robeco Emerging Stars Equities DL EUR,LU0334642401,05-May-23,EUR,159.34,EUR,1536413070.80,
Robeco Emerging Stars Equities E EUR,LU1143725528,05-May-23,EUR,119.26,EUR,1536413070.80,
Robeco Emerging Stars Equities F EUR,LU0792910050,05-May-23,EUR,172.50,EUR,1536413070.80,
Robeco Emerging Stars Equities FL EUR,LU1664415012,05-May-23,EUR,114.09,EUR,1536413070.80,
Robeco Emerging Stars Equities G EUR,LU1736383453,05-May-23,EUR,98.58,EUR,1536413070.80,
Robeco Emerging Stars Equities I EUR,LU0254839870,05-May-23,EUR,178.68,EUR,1536413070.80,
Robeco Emerging Stars Equities Z EUR,LU0834379876,05-May-23,EUR,193.40,EUR,1536413070.80,
Robeco Emerging Stars Equities F GBP,LU1408525035,05-May-23,GBP,173.24,EUR,1536413070.80,
Robeco Emerging Stars Equities G GBP,LU1408526199,05-May-23,GBP,160.34,EUR,1536413070.80,
Robeco Emerging Stars Equities IL GBP,LU1377970469,05-May-23,GBP,167.71,EUR,1536413070.80,
Robeco Emerging Stars Equities D USD,LU0337098114,05-May-23,USD,123.84,EUR,1536413070.80,
Robeco Emerging Stars Equities DL USD,LU1618352691,05-May-23,USD,109.12,EUR,1536413070.80,
Robeco Emerging Stars Equities F USD,LU1408525977,05-May-23,USD,154.98,EUR,1536413070.80,
Robeco Emerging Stars Equities FL USD,LU1193126049,05-May-23,USD,124.80,EUR,1536413070.80,
Robeco Emerging Stars Equities I USD,LU1036585435,05-May-23,USD,135.70,EUR,1536413070.80,
Robeco Emerging Stars Equities IL USD,LU1278322851,05-May-23,USD,152.93,EUR,1536413070.80,
Robeco Emerging Stars Equities KE USD,LU1102563886,05-May-23,USD,97.52,EUR,1536413070.80,
Robeco Emerging Stars Equities ML USD,LU1025004828,05-May-23,USD,128.95,EUR,1536413070.80,
Robeco Emerging Stars Equities KE GBP,LU1857097528,05-May-23,GBP,104.97,EUR,1536413070.80,
Robeco Emerging Stars Equities IE EUR,LU1840769852,05-May-23,EUR,11345.98,EUR,1536413070.80,
Robeco Emerging Stars Equities IL EUR,LU2609983668,05-May-23,EUR,102.19,EUR,1536413070.80,
Robeco Sustainable European Stars Equities D EUR,LU0187077218,05-May-23,EUR,69.15,EUR,827236966.08,
Robeco Sustainable European Stars Equities E EUR,LU1143725361,05-May-23,EUR,134.97,EUR,827236966.08,
Robeco Sustainable European Stars Equities F EUR,LU0940006702,05-May-23,EUR,193.52,EUR,827236966.08,
Robeco Sustainable European Stars Equities G EUR,LU1736383297,05-May-23,EUR,119.75,EUR,827236966.08,
Robeco Sustainable European Stars Equities I EUR,LU0209860427,05-May-23,EUR,271.38,EUR,827236966.08,
Robeco Sustainable European Stars Equities Z EUR,LU1718492686,05-May-23,EUR,140.07,EUR,827236966.08,
Robeco Sustainable European Stars Equities I USD,LU1700711747,05-May-23,USD,122.39,EUR,827236966.08,
Robeco Sustainable European Stars Equities I GBP,LU1994987037,05-May-23,GBP,123.64,EUR,827236966.08,
Robeco Sustainable European Stars  Equities D USD,LU1994987466,05-May-23,USD,119.05,EUR,827236966.08,
Robeco Sustainable European Stars Equities M2 EUR,LU1994987540,05-May-23,EUR,115.23,EUR,827236966.08,
Robeco QI European Active Equities D EUR,LU1654173993,05-May-23,EUR,130.31,EUR,65601482.50,
Robeco QI European Active Equities F EUR,LU1654174025,05-May-23,EUR,132.43,EUR,65601482.50,
Robeco QI European Active Equities I EUR,LU1654174298,05-May-23,EUR,132.98,EUR,65601482.50,
Robeco QI European Active Equities D USD,LU1654174371,05-May-23,USD,120.81,EUR,65601482.50,
Robeco QI European Active Equities F USD,LU1654174454,05-May-23,USD,122.77,EUR,65601482.50,
Robeco QI European Active Equities I USD,LU1654174538,05-May-23,USD,124.77,EUR,65601482.50,
Robeco QI European Active Equities Z USD,LU2462324075,05-May-23,USD,104.52,EUR,65601482.50,
Robeco QI European Active Equities Z EUR,LU2480019095,05-May-23,EUR,106.41,EUR,65601482.50,
Robeco Financial Institutions Bonds B EUR,LU0622663093,05-May-23,EUR,90.79,EUR,1718373908.57,
Robeco Financial Institutions Bonds C EUR,LU0971565576,05-May-23,EUR,87.88,EUR,1718373908.57,
Robeco Financial Institutions Bonds D EUR,LU0622663176,05-May-23,EUR,153.03,EUR,1718373908.57,
Robeco Financial Institutions Bonds F EUR,LU1718492769,05-May-23,EUR,97.86,EUR,1718373908.57,
Robeco Financial Institutions Bonds I EUR,LU0622664224,05-May-23,EUR,161.28,EUR,1718373908.57,
Robeco Financial Institutions Bonds M2 EUR,LU1648455837,05-May-23,EUR,92.84,EUR,1718373908.57,
Robeco Financial Institutions Bonds M3 EUR,LU1648455910,05-May-23,EUR,84.42,EUR,1718373908.57,
Robeco Financial Institutions Bonds Z2 EUR,LU1739948773,05-May-23,EUR,100.57,EUR,1718373908.57,
Robeco Financial Institutions Bonds IH CHF,LU1395483537,05-May-23,CHF,108.83,EUR,1718373908.57,
Robeco Financial Institutions Bonds IH GBP,LU1439788693,05-May-23,GBP,119.42,EUR,1718373908.57,
Robeco Financial Institutions Bonds IH JPY,LU1664414809,05-May-23,JPY,9987.95,EUR,1718373908.57,
Robeco Financial Institutions Bonds BH USD,LU1079558448,05-May-23,USD,87.65,EUR,1718373908.57,
Robeco Financial Institutions Bonds D2H USD,LU1440725700,05-May-23,USD,119.48,EUR,1718373908.57,
Robeco Financial Institutions Bonds D3H USD,LU1440725882,05-May-23,USD,94.99,EUR,1718373908.57,
Robeco Financial Institutions Bonds DH USD,LU1025004406,05-May-23,USD,138.04,EUR,1718373908.57,
Robeco Financial Institutions Bonds FH USD,LU1048590209,05-May-23,USD,138.76,EUR,1718373908.57,
Robeco Financial Institutions Bonds IBH USD,LU1493700998,05-May-23,USD,96.64,EUR,1718373908.57,
Robeco Financial Institutions Bonds IH USD,LU1117477098,05-May-23,USD,135.68,EUR,1718373908.57,
Robeco Financial Institutions Bonds M2H USD,LU1618352774,05-May-23,USD,106.70,EUR,1718373908.57,
Robeco Financial Institutions Bonds M3H USD,LU1618352857,05-May-23,USD,85.80,EUR,1718373908.57,
Robeco Financial Institutions Bonds MH USD,LU1117477171,05-May-23,USD,127.65,EUR,1718373908.57,
Robeco Financial Institutions Bonds BH SGD,LU1718492504,05-May-23,SGD,85.55,EUR,1718373908.57,
Robeco Financial Institutions Bonds IB EUR,LU2012948191,05-May-23,EUR,87.02,EUR,1718373908.57,
Robeco Financial Institutions Bonds 0D EUR,LU1171710608,05-May-23,EUR,102.25,EUR,1718373908.57,
Robeco Financial Institutions Bonds 0F EUR,LU1246241423,05-May-23,EUR,105.07,EUR,1718373908.57,
Robeco Financial Institutions Bonds 0I EUR,LU1090433381,05-May-23,EUR,108.12,EUR,1718373908.57,
Robeco Financial Institutions Bonds CH USD,LU1874124123,05-May-23,USD,92.30,EUR,1718373908.57,
Robeco New World Financials D EUR,LU0187077481,05-May-23,EUR,83.99,EUR,1216991920.33,
Robeco New World Financials E EUR,LU1648457296,05-May-23,EUR,127.78,EUR,1216991920.33,
Robeco New World Financials F EUR,LU0792910480,05-May-23,EUR,292.99,EUR,1216991920.33,
Robeco New World Financials I EUR,LU1629880342,05-May-23,EUR,144.89,EUR,1216991920.33,
Robeco New World Financials D USD,LU1079558364,05-May-23,USD,148.31,EUR,1216991920.33,
Robeco New World Financials F USD,LU1089191834,05-May-23,USD,122.37,EUR,1216991920.33,
Robeco New World Financials I USD,LU0955993034,05-May-23,USD,170.65,EUR,1216991920.33,
Robeco New World Financials M USD,LU1124238004,05-May-23,USD,114.44,EUR,1216991920.33,
Robeco New World Financials FH EUR,LU1840769779,05-May-23,EUR,113.85,EUR,1216991920.33,
Robeco New World Financials IE EUR,LU1821197768,05-May-23,EUR,11544.30,EUR,1216991920.33,
Robeco New World Financials M2 EUR,LU1857097874,05-May-23,EUR,114.40,EUR,1216991920.33,
Robeco QI Global Conservative Equities B EUR,LU0705780269,05-May-23,EUR,166.64,EUR,389617147.91,
Robeco QI Global Conservative High Dividend Eq. C EUR,LU0891727132,05-May-23,EUR,151.30,EUR,389617147.91,
Robeco QI Global Conservative Equities D EUR,LU0705782398,05-May-23,EUR,262.65,EUR,389617147.91,
Robeco QI Global Conservative Equities F EUR,LU1493700642,05-May-23,EUR,146.09,EUR,389617147.91,
Robeco QI Global Conservative Equities I EUR,LU0705783958,05-May-23,EUR,278.32,EUR,389617147.91,
Robeco QI Global Conservative Equities IH EUR,LU1346205104,05-May-23,EUR,149.92,EUR,389617147.91,
Robeco QI Global Conservative Equities F GBP,LU1408524814,05-May-23,GBP,168.31,EUR,389617147.91,
Robeco QI Global Conservative Equities D USD,LU0854930277,05-May-23,USD,189.99,EUR,389617147.91,
Robeco QI Global Conservative Equities I USD,LU0714908828,05-May-23,USD,233.95,EUR,389617147.91,
Robeco QI Global Conservative Equities Z USD,LU1025005478,05-May-23,USD,192.60,EUR,389617147.91,
Robeco QI Global Conservative Equities M2 EUR,LU1840770942,05-May-23,EUR,129.25,EUR,389617147.91,
Robeco Global Credits -– Short Maturity IH EUR,LU1648456215,05-May-23,EUR,96.93,EUR,398879044.06,
Robeco Global Credits -– Short Maturity IH GBP,LU1648456306,05-May-23,GBP,102.93,EUR,398879044.06,
Robeco Global Credits -– Short Maturity  IBH GBP,LU1648456488,05-May-23,GBP,92.96,EUR,398879044.06,
Robeco Global Credits - Short Maturity M2H EUR,LU1857098336,05-May-23,EUR,95.04,EUR,398879044.06,
Robeco Global Credits - Short Maturity I EUR,LU1857098419,05-May-23,EUR,109.05,EUR,398879044.06,
Robeco Global Credits - Short Maturity D2H USD,LU2080583128,05-May-23,USD,98.94,EUR,398879044.06,
Robeco Global Credits - Short Maturity IH USD,LU2080583474,05-May-23,USD,100.81,EUR,398879044.06,
Robeco Global Credits - Short Maturity FH EUR,LU2207422028,05-May-23,EUR,93.85,EUR,398879044.06,
Robeco Global Credits - Short Maturity DH SEK,LU2480019178,05-May-23,SEK,99.07,EUR,398879044.06,
Robeco Global Credits - Short Maturity DH EUR,LU2529316783,05-May-23,EUR,101.64,EUR,398879044.06,
Robeco QI Global Developed Active Equities G EUR,LU2012947540,05-May-23,EUR,132.89,EUR,66730193.56,
Robeco QI Global Developed Enhanced Index Equities D EUR,LU1654173217,05-May-23,EUR,158.78,EUR,75067552.08,
Robeco QI Global Developed Enhanced Index Equities F EUR,LU1654173308,05-May-23,EUR,161.03,EUR,75067552.08,
Robeco QI Global Developed Enhanced Index Equities I EUR,LU1654173480,05-May-23,EUR,161.79,EUR,75067552.08,
Robeco QI Global Developed Enhanced Index Equities D USD,LU1654173563,05-May-23,USD,147.19,EUR,75067552.08,
Robeco QI Global Developed Enhanced Index Equities F USD,LU1654173647,05-May-23,USD,149.28,EUR,75067552.08,
Robeco QI Global Developed Enhanced Index Equities I JPY,LU1821197172,05-May-23,JPY,16874.82,EUR,75067552.08,
Robeco MegaTrends D EUR,LU0974293671,05-May-23,EUR,229.20,EUR,44880659.13,
Robeco MegaTrends F EUR,LU0974293085,05-May-23,EUR,240.78,EUR,44880659.13,
Robeco MegaTrends M2 EUR,LU1945299706,05-May-23,EUR,126.29,EUR,44880659.13,
Robeco MegaTrends D USD,LU1025004588,05-May-23,USD,118.04,EUR,44880659.13,
Robeco MegaTrends F USD,LU2539431069,05-May-23,USD,118.37,EUR,44880659.13,
Robeco MegaTrends I USD,LU2539431143,05-May-23,USD,118.42,EUR,44880659.13,
Robeco Global Credits CH EUR,LU1071420373,05-May-23,EUR,88.24,EUR,2829439583.78,
Robeco Global Credits DH EUR,LU1362999564,05-May-23,EUR,103.55,EUR,2829439583.78,
Robeco Global Credits EH EUR,LU1278322778,05-May-23,EUR,90.12,EUR,2829439583.78,
Robeco Global Credits FH EUR,LU1685737402,05-May-23,EUR,96.94,EUR,2829439583.78,
Robeco Global Credits IBH EUR,LU1521666997,05-May-23,EUR,89.45,EUR,2829439583.78,
Robeco Global Credits IH EUR,LU1071420456,05-May-23,EUR,110.85,EUR,2829439583.78,
Robeco Global Credits M2H EUR,LU1648456058,05-May-23,EUR,90.13,EUR,2829439583.78,
Robeco Global Credits IEH AUD,LU1653089133,05-May-23,AUD,94.08,EUR,2829439583.78,
Robeco Global Credits IH BRL,LU1793227908,05-May-23,USD,91.06,EUR,2829439583.78,
Robeco Global Credits FH GBP,LU1408525548,05-May-23,GBP,108.42,EUR,2829439583.78,
Robeco Global Credits IBH GBP,LU1521667029,05-May-23,GBP,91.67,EUR,2829439583.78,
Robeco Global Credits IH GBP,LU1521666724,05-May-23,GBP,107.78,EUR,2829439583.78,
Robeco Global Credits D3H USD,LU1440725536,05-May-23,USD,97.54,EUR,2829439583.78,
Robeco Global Credits DH USD,LU1143726096,05-May-23,USD,121.86,EUR,2829439583.78,
Robeco Global Credits FH USD,LU1629880268,05-May-23,USD,110.81,EUR,2829439583.78,
Robeco Global Credits I USD,LU1479026897,05-May-23,USD,107.83,EUR,2829439583.78,
Robeco Global Credits IBH USD,LU1521667292,05-May-23,USD,96.22,EUR,2829439583.78,
Robeco Global Credits IH USD,LU1479029214,05-May-23,USD,113.73,EUR,2829439583.78,
Robeco Global Credits IBH JPY,LU1821197099,05-May-23,JPY,9135.64,EUR,2829439583.78,
Robeco Global Credits Z2H EUR,LU1739948427,05-May-23,EUR,103.25,EUR,2829439583.78,
Robeco Global Credits 0FH EUR,LU1196729534,05-May-23,EUR,97.96,EUR,2829439583.78,
Robeco Global Credits FH CHF,LU1940065193,05-May-23,CHF,97.26,EUR,2829439583.78,
Robeco Global Credits IH SGD,LU2258286793,05-May-23,SGD,87.51,EUR,2829439583.78,
Robeco Global Credit  IH SEK,LU2324509756,05-May-23,SEK,88.15,EUR,2829439583.78,
Robeco Global Credit DH SEK,LU2324509830,05-May-23,SEK,87.24,EUR,2829439583.78,
Robeco Digital Innovations D EUR,LU1602110675,05-May-23,EUR,169.65,EUR,64975070.03,
Robeco Digital Innovations F EUR,LU1602110758,05-May-23,EUR,177.39,EUR,64975070.03,
Robeco Digital Innovations I EUR,LU1602110832,05-May-23,EUR,177.46,EUR,64975070.03,
Robeco Digital Innovations D USD,LU1629880425,05-May-23,USD,163.92,EUR,64975070.03,
Robeco Digital Innovations F USD,LU1629880698,05-May-23,USD,171.34,EUR,64975070.03,
Robeco Digital Innovations I USD,LU1629880771,05-May-23,USD,171.65,EUR,64975070.03,
Robeco Digital Innovations M USD,LU1664415103,05-May-23,USD,152.84,EUR,64975070.03,
Robeco Digital Innovations M2 EUR,LU1857097957,05-May-23,EUR,147.08,EUR,64975070.03,
Robeco Sustainable Global Stars Equities D EUR,LU0387754996,05-May-23,EUR,453.21,EUR,635984576.37,
Robeco Sustainable Global Stars Equities F EUR,LU0940004913,05-May-23,EUR,287.33,EUR,635984576.37,
Robeco Sustainable Global Stars Equities IL EUR,LU1408525894,05-May-23,EUR,212.30,EUR,635984576.37,
Robeco Sustainable Global Stars Equities IL USD,LU2080584019,05-May-23,USD,138.21,EUR,635984576.37,
Robeco Sustainable Global Stars Equities DL USD,LU2100416564,05-May-23,USD,126.79,EUR,635984576.37,
Robeco Sustainable Global Stars Equities IL GBP,LU2207421723,05-May-23,GBP,124.45,EUR,635984576.37,
Robeco Sustainable Global Stars Equities I USD,LU2386386747,05-May-23,USD,94.72,EUR,635984576.37,
Robeco Sustainable Global Stars Equities E EUR,LU2457462617,05-May-23,EUR,93.33,EUR,635984576.37,
Robeco BP Global Premium Equities B EUR,LU0203975197,05-May-23,EUR,203.21,EUR,5097445573.15,
Robeco BP Global Premium Equities C EUR,LU0940004830,05-May-23,EUR,191.15,EUR,5097445573.15,
Robeco BP Global Premium Equities D EUR,LU0203975437,05-May-23,EUR,366.37,EUR,5097445573.15,
Robeco BP Global Premium Equities DH EUR,LU1549401203,05-May-23,EUR,135.37,EUR,5097445573.15,
Robeco BP Global Premium Equities F EUR,LU1208675808,05-May-23,EUR,166.25,EUR,5097445573.15,
Robeco BP Global Premium Equities FH EUR,LU1736383024,05-May-23,EUR,124.10,EUR,5097445573.15,
Robeco BP Global Premium Equities I EUR,LU0233138477,05-May-23,EUR,224.45,EUR,5097445573.15,
Robeco BP Global Premium Equities IB EUR,LU1521667375,05-May-23,EUR,124.42,EUR,5097445573.15,
Robeco BP Global Premium Equities IH EUR,LU1549401112,05-May-23,EUR,141.31,EUR,5097445573.15,
Robeco BP Global Premium Equities M2 EUR,LU1648455753,05-May-23,EUR,131.42,EUR,5097445573.15,
Robeco BP Global Premium Equities F GBP,LU1362999218,05-May-23,GBP,210.27,EUR,5097445573.15,
Robeco BP Global Premium Equities I GBP,LU1362999309,05-May-23,GBP,210.66,EUR,5097445573.15,
Robeco BP Global Premium Equities IB GBP,LU1533823289,05-May-23,GBP,141.50,EUR,5097445573.15,
Robeco BP Global Premium Equities D USD,LU0951559797,05-May-23,USD,194.25,EUR,5097445573.15,
Robeco BP Global Premium Equities DH USD,LU1260070781,05-May-23,USD,167.53,EUR,5097445573.15,
Robeco BP Global Premium Equities E USD,LU1058974137,05-May-23,USD,150.85,EUR,5097445573.15,
Robeco BP Global Premium Equities F USD,LU1058973592,05-May-23,USD,177.61,EUR,5097445573.15,
Robeco BP Global Premium Equities I USD,LU1048590118,05-May-23,USD,179.16,EUR,5097445573.15,
Robeco BP Global Premium Equities M USD,LU1260076804,05-May-23,USD,142.28,EUR,5097445573.15,
Robeco BP Global Premium Equities M2H EUR,LU1874123661,05-May-23,EUR,112.48,EUR,5097445573.15,
Robeco BP Global Premium Equities KE GBP,LU2408968852,05-May-23,GBP,105.16,EUR,5097445573.15,
Robeco BP Global Premium Equities KE USD,LU2408970320,05-May-23,USD,99.25,EUR,5097445573.15,
Robeco QI Global Multi-Factor Credits CH EUR,LU1246236340,05-May-23,EUR,81.56,EUR,1034099400.91,
Robeco QI Global Multi-Factor Credits FH EUR,LU1235145304,05-May-23,EUR,101.24,EUR,1034099400.91,
Robeco QI Global Multi-Factor Credits IH EUR,LU1235145213,05-May-23,EUR,101.91,EUR,1034099400.91,
Robeco QI Global Multi-Factor Credits IH GBP,LU1235144752,05-May-23,GBP,110.13,EUR,1034099400.91,
Robeco QI Global Multi-Factor Credits IH JPY,LU1685737667,05-May-23,JPY,9411.84,EUR,1034099400.91,
Robeco QI Global Multi-Factor Credits IH USD,LU1235145056,05-May-23,USD,118.54,EUR,1034099400.91,
Robeco QI Global Multi-Factor Credits ZH EUR,LU1821197255,05-May-23,EUR,99.45,EUR,1034099400.91,
Robeco QI Global Multi-Factor Credits ZBH GBP,LU2539431572,05-May-23,GBP,105.28,EUR,1034099400.91,
Robeco QI Global Developed Multi-Factor Equities D EUR,LU1277577125,05-May-23,EUR,166.86,EUR,265186030.55,
Robeco QI Global Developed Multi-Factor Equities I EUR,LU1277577398,05-May-23,EUR,173.68,EUR,265186030.55,
Robeco QI Global Developed Multi-Factor Equities D USD,LU1277577471,05-May-23,USD,162.54,EUR,265186030.55,
Robeco QI Global Developed Multi-Factor Equities I USD,LU1277577638,05-May-23,USD,107.58,EUR,265186030.55,
Robeco High Yield Bonds DH EUR,LU0085136942,05-May-23,EUR,148.70,EUR,7225667396.09,
Robeco High Yield Bonds BH EUR,LU0454740118,05-May-23,EUR,19.65,EUR,7225667396.09,
Robeco High Yield Bonds CH EUR,LU0871827548,05-May-23,EUR,80.41,EUR,7225667396.09,
Robeco High Yield Bonds D EUR,LU1362999481,05-May-23,EUR,141.01,EUR,7225667396.09,
Robeco High Yield Bonds EH EUR,LU0243182812,05-May-23,EUR,86.09,EUR,7225667396.09,
Robeco High Yield Bonds FH EUR,LU0792910563,05-May-23,EUR,151.18,EUR,7225667396.09,
Robeco High Yield Bonds GH EUR,LU0940004756,05-May-23,EUR,86.71,EUR,7225667396.09,
Robeco High Yield Bonds IH EUR,LU0227757233,05-May-23,EUR,235.84,EUR,7225667396.09,
Robeco High Yield Bonds IBxH EUR,LU1718492413,05-May-23,EUR,86.08,EUR,7225667396.09,
Robeco High Yield Bonds IEH EUR,LU0779184851,05-May-23,EUR,89.76,EUR,7225667396.09,
Robeco High Yield Bonds ZH EUR,LU0301741434,05-May-23,EUR,229.03,EUR,7225667396.09,
Robeco High Yield Bonds BxH AUD,LU1036586086,05-May-23,AUD,79.60,EUR,7225667396.09,
Robeco High Yield Bonds DH AUD,LU1685736263,05-May-23,AUD,108.50,EUR,7225667396.09,
Robeco High Yield Bonds DH CHF,LU0677789876,05-May-23,CHF,141.29,EUR,7225667396.09,
Robeco High Yield Bonds FH CHF,LU1408526439,05-May-23,CHF,115.74,EUR,7225667396.09,
Robeco High Yield Bonds IH CHF,LU0821169405,05-May-23,CHF,140.88,EUR,7225667396.09,
Robeco High Yield Bonds ZH CAD,LU1346205286,05-May-23,CAD,152.91,EUR,7225667396.09,
Robeco High Yield Bonds I EUR,LU1736382489,05-May-23,EUR,123.11,EUR,7225667396.09,
Robeco High Yield Bonds FH GBP,LU1233758827,05-May-23,GBP,127.44,EUR,7225667396.09,
Robeco High Yield Bonds IH GBP,LU1493700568,05-May-23,GBP,118.80,EUR,7225667396.09,
Robeco High Yield Bonds BxH HKD,LU1664414981,05-May-23,HKD,87.04,EUR,7225667396.09,
Robeco High Yield Bonds BxH RMB,LU1089192303,05-May-23,CNH,85.33,EUR,7225667396.09,
Robeco High Yield Bonds BxH USD,LU0823114243,05-May-23,USD,86.72,EUR,7225667396.09,
Robeco High Yield Bonds CH USD,LU1618351966,05-May-23,USD,93.83,EUR,7225667396.09,
Robeco High Yield Bonds D3H USD,LU1440725296,05-May-23,USD,84.70,EUR,7225667396.09,
Robeco High Yield Bonds DH USD,LU0594695099,05-May-23,USD,180.15,EUR,7225667396.09,
Robeco High Yield Bonds FH USD,LU1618352188,05-May-23,USD,122.10,EUR,7225667396.09,
Robeco High Yield Bonds IH USD,LU0398248921,05-May-23,USD,322.65,EUR,7225667396.09,
Robeco High Yield Bonds IEH USD,LU0716562250,05-May-23,USD,104.24,EUR,7225667396.09,
Robeco High Yield Bonds I USD,LU0990544842,05-May-23,USD,143.45,EUR,7225667396.09,
Robeco High Yield Bonds M2H USD,LU1618352006,05-May-23,USD,111.70,EUR,7225667396.09,
Robeco High Yield Bonds M3H USD,LU1618352261,05-May-23,USD,82.03,EUR,7225667396.09,
Robeco High Yield Bonds MH USD,LU0910073120,05-May-23,USD,148.30,EUR,7225667396.09,
Robeco High Yield Bonds ZH USD,LU1521667458,05-May-23,USD,135.90,EUR,7225667396.09,
Robeco High Yield Bonds IBxH USD,LU1479032606,05-May-23,USD,96.81,EUR,7225667396.09,
Robeco High Yield Bonds IExH USD,LU1017436087,05-May-23,USD,100.60,EUR,7225667396.09,
Robeco High Yield Bonds Z2H USD,LU1739948344,05-May-23,USD,122.12,EUR,7225667396.09,
Robeco High Yield Bonds IBH CHF,LU1945299888,05-May-23,CHF,91.05,EUR,7225667396.09,
Robeco High Yield Bonds D2H USD,LU1994987979,05-May-23,USD,106.73,EUR,7225667396.09,
Robeco High Yield Bonds 0DH EUR,LU0545439217,05-May-23,EUR,145.57,EUR,7225667396.09,
Robeco High Yield Bonds 0EH EUR,LU0606904307,05-May-23,EUR,77.62,EUR,7225667396.09,
Robeco High Yield Bonds 0FH EUR,LU0792910993,05-May-23,EUR,141.20,EUR,7225667396.09,
Robeco High Yield Bonds 0IH EUR,LU0570123827,05-May-23,EUR,149.84,EUR,7225667396.09,
Robeco High Yield Bonds 0IH CHF,LU0988110366,05-May-23,CHF,119.24,EUR,7225667396.09,
Robeco High Yield Bonds 0CH GBP,LU1048590548,05-May-23,GBP,80.33,EUR,7225667396.09,
Robeco High Yield Bonds 0DH USD,LU0594695172,05-May-23,USD,158.72,EUR,7225667396.09,
Robeco High Yield Bonds 0IH USD,LU0579622084,05-May-23,USD,171.92,EUR,7225667396.09,
Robeco High Yield Bonds 0MH USD,LU0910072742,05-May-23,USD,137.82,EUR,7225667396.09,
Robeco High Yield Bonds 0BxH AUD,LU1036585864,05-May-23,AUD,81.82,EUR,7225667396.09,
Robeco High Yield Bonds 0BxH RMB,LU1089192568,05-May-23,CNH,86.24,EUR,7225667396.09,
Robeco High Yield Bonds 0BxH USD,LU1036586672,05-May-23,USD,84.23,EUR,7225667396.09,
Robeco High Yield Bonds 0D3H USD,LU1440725379,05-May-23,USD,90.23,EUR,7225667396.09,
Robeco High Yield Bonds 0IEH USD,LU0864988638,05-May-23,USD,89.90,EUR,7225667396.09,
Robeco Indian Equities D EUR,LU0491217419,05-May-23,EUR,272.26,EUR,123672216.85,
Robeco Indian Equities F EUR,LU0971565493,05-May-23,EUR,376.88,EUR,123672216.85,
Robeco Indian Equities D USD,LU0571488617,05-May-23,USD,231.31,EUR,123672216.85,
Robeco QI Global Momentum Equities D EUR,LU1048590381,05-May-23,EUR,183.36,EUR,20539521.80,
Robeco QI Global Momentum Equities F EUR,LU1025005122,05-May-23,EUR,221.99,EUR,20539521.80,
Robeco QI Global Momentum Equities I EUR,LU0803250884,05-May-23,EUR,268.76,EUR,20539521.80,
Robeco QI US Conservative Equities D EUR,LU1045434567,05-May-23,EUR,220.53,USD,115303325.46,
Robeco QI US Conservative Equities I EUR,LU1045435887,05-May-23,EUR,230.71,USD,115303325.46,
Robeco QI US Conservative Equities IH EUR,LU1408526272,05-May-23,EUR,137.23,USD,115303325.46,
Robeco QI US Conservative Equities D USD,LU1439788933,05-May-23,USD,144.55,USD,115303325.46,
Robeco QI US Conservative Equities G USD,LU1113137761,05-May-23,USD,131.64,USD,115303325.46,
Robeco QI US Conservative Equities I USD,LU1408526868,05-May-23,USD,157.69,USD,115303325.46,
Robeco Sustainable Property Equities B EUR,LU0454739706,05-May-23,EUR,15.37,EUR,374495875.08,
Robeco Sustainable Property Equities C EUR,LU0940004673,05-May-23,EUR,120.85,EUR,374495875.08,
Robeco Sustainable Property Equities D EUR,LU0187079180,05-May-23,EUR,177.33,EUR,374495875.08,
Robeco Sustainable Property Equities F EUR,LU0792910647,05-May-23,EUR,178.81,EUR,374495875.08,
Robeco Sustainable Property Equities I EUR,LU0234965001,05-May-23,EUR,193.68,EUR,374495875.08,
Robeco Sustainable Property Equities IH EUR,LU0858443343,05-May-23,EUR,151.28,EUR,374495875.08,
Robeco Sustainable Property Equities D USD,LU0594694951,05-May-23,USD,124.97,EUR,374495875.08,
Robeco Sustainable Property Equities I USD,LU1124238269,05-May-23,USD,133.43,EUR,374495875.08,
Robeco Sustainable Property Equities M USD,LU0699433222,05-May-23,USD,154.94,EUR,374495875.08,
Robeco Sustainable Property Equities IE EUR,LU2091213442,05-May-23,EUR,9317.24,EUR,374495875.08,
Robeco Sustainable Property Equities Z GBP,LU2539432620,05-May-23,GBP,98.90,EUR,374495875.08,
Robeco QI Chinese A-share Active Equities I EUR,LU1675172008,05-May-23,EUR,122.21,CNH,829276835.83,
Robeco QI Chinese A-share Active Equities Z EUR,LU1675172180,05-May-23,EUR,128.10,CNH,829276835.83,
Robeco QI Chinese A-share Active Equities I USD,LU1675172263,05-May-23,USD,116.12,CNH,829276835.83,
Robeco QI Dynamic High Yield CH EUR,LU1233758744,05-May-23,EUR,88.58,EUR,176102927.82,
Robeco QI Dynamic High Yield EH EUR,LU1152268865,05-May-23,EUR,79.61,EUR,176102927.82,
Robeco QI Dynamic High Yield IH EUR,LU1045433247,05-May-23,EUR,133.55,EUR,176102927.82,
Robeco QI Dynamic High Yield IH USD,LU1102563613,05-May-23,USD,147.19,EUR,176102927.82,
Robeco QI Dynamic High Yield IH GBP,LU2097790211,05-May-23,GBP,101.74,EUR,176102927.82,
Robeco QI Dynamic High Yield IBH GBP,LU2258287098,05-May-23,GBP,89.20,EUR,176102927.82,
Robeco QI Global Developed Sustainable Enhanced Index Equities I CHF,LU1793227817,05-May-23,CHF,130.34,EUR,373142044.47,
Robeco QI Global Developed Sustainable Enhanced Index Equities D EUR,LU1123620707,05-May-23,EUR,105.69,EUR,373142044.47,
Robeco QI Global Developed Sustainable Enhanced Index Equities F EUR,LU1123623123,05-May-23,EUR,224.47,EUR,373142044.47,
Robeco QI Global Developed Sustainable Enhanced Index Equities I EUR,LU1036586912,05-May-23,EUR,230.33,EUR,373142044.47,
Robeco QI Global Developed Sustainable Enhanced Index Equities Z EUR,LU0984339456,05-May-23,EUR,248.44,EUR,373142044.47,
Robeco QI Global Developed Sustainable Enhanced Index Equities I USD,LU1994987896,05-May-23,USD,134.63,EUR,373142044.47,
Robeco QI Global Developed Sustainable Enhanced Index Equities ZB AUD,LU2400458423,05-May-23,AUD,100.19,EUR,373142044.47,
Robeco QI Customized Emerging Markets Enhanced Index Equities I Z USD,LU1493735606,05-May-23,USD,135.60,USD,105934273.21,
Robeco QI Global Quality Equities F EUR,LU1522102133,05-May-23,EUR,172.63,EUR,49583498.74,
Robeco QI Global Quality Equities I EUR,LU1522101671,05-May-23,EUR,172.79,EUR,49583498.74,
Robeco QI Global Quality Equities I USD,LU1549401039,05-May-23,USD,176.96,EUR,49583498.74,
Robeco BP US Select Opportunities Equities DH CHF,LU1193126635,05-May-23,CHF,136.49,USD,634629593.16,
Robeco BP US Select Opportunities Equities FH CHF,LU1278322422,05-May-23,CHF,156.50,USD,634629593.16,
Robeco BP US Select Opportunities Equities D EUR,LU0975848937,05-May-23,EUR,263.39,USD,634629593.16,
Robeco BP US Select Opportunities Equities F EUR,LU1278322349,05-May-23,EUR,192.99,USD,634629593.16,
Robeco BP US Select Opportunities Equities I EUR,LU0975848853,05-May-23,EUR,286.58,USD,634629593.16,
Robeco BP US Select Opportunities Equities DH EUR,LU0674140040,05-May-23,EUR,278.42,USD,634629593.16,
Robeco BP US Select Opportunities Equities FH EUR,LU0971565063,05-May-23,EUR,191.21,USD,634629593.16,
Robeco BP US Select Opportunities Equities IH EUR,LU0674139976,05-May-23,EUR,196.79,USD,634629593.16,
Robeco BP US Select Opportunities Equities D USD,LU0674140396,05-May-23,USD,330.97,USD,634629593.16,
Robeco BP US Select Opportunities Equities E USD,LU0975848770,05-May-23,USD,187.30,USD,634629593.16,
Robeco BP US Select Opportunities Equities F USD,LU0955988976,05-May-23,USD,232.00,USD,634629593.16,
Robeco BP US Select Opportunities Equities G USD,LU1278322695,05-May-23,USD,174.72,USD,634629593.16,
Robeco BP US Select Opportunities Equities I USD,LU0674140123,05-May-23,USD,366.65,USD,634629593.16,
Robeco BP US Select Opportunities Equities M USD,LU0910074284,05-May-23,USD,225.55,USD,634629593.16,
Robeco BP US Select Opportunities Equities IE USD,LU0963031736,05-May-23,USD,204.52,USD,634629593.16,
RobecoSAM QI Global SDG & Climate Conservative Equities D EUR,LU1520981892,05-May-23,EUR,139.61,EUR,123769379.73,
RobecoSAM QI Global SDG & Climate Conservative Equities F EUR,LU1520982197,05-May-23,EUR,143.99,EUR,123769379.73,
RobecoSAM QI Global SDG & Climate Conservative Equities I EUR,LU1520987741,05-May-23,EUR,144.26,EUR,123769379.73,
RobecoSAM QI US Climate Beta Equities D USD,LU1654174967,05-May-23,USD,164.66,USD,165836452.20,
RobecoSAM QI US Climate Beta Equities F USD,LU1654175188,05-May-23,USD,166.36,USD,165836452.20,
RobecoSAM QI US Climate Beta Equities I USD,LU1654175261,05-May-23,USD,167.13,USD,165836452.20,
RobecoSAM QI US Climate Beta Equities D EUR,LU1654174611,05-May-23,EUR,178.79,USD,165836452.20,
RobecoSAM QI US Climate Beta Equities F EUR,LU1654174702,05-May-23,EUR,181.48,USD,165836452.20,
RobecoSAM QI US Climate Beta Equities I EUR,LU1654174884,05-May-23,EUR,182.15,USD,165836452.20,
RobecoSAM QI US Climate Beta Equities S USD,LU2489395165,05-May-23,USD,110.56,USD,165836452.20,
RobecoSAM QI US Climate Beta Equities IE EUR,LU2489395249,05-May-23,EUR,105.99,USD,165836452.20,
RobecoSAM QI US Climate Beta Equities IEH EUR,LU2489395082,05-May-23,GBP,107.60,USD,165836452.20,
RobecoSAM QI US Climate Beta Equities SE USD,LU2501123785,05-May-23,USD,529.39,USD,165836452.20,
RobecoSAM QI US Climate Beta Equities S EUR,LU2501123868,05-May-23,EUR,489.08,USD,165836452.20,
RobecoSAM QI US Climate Beta Equities SE EUR ,LU2501123942,05-May-23,EUR,487.44,USD,165836452.20,
RobecoSAM QI US Climate Beta Equities SEH EUR,LU2501124080,05-May-23,EUR,512.15,USD,165836452.20,
RobecoSAM QI US Climate Beta Equities SH EUR,LU2501124163,05-May-23,EUR,513.77,USD,165836452.20,
RobecoSAM QI US Climate Beta Equities SEH GBP,LU2501124247,05-May-23,GBP,103.69,USD,165836452.20,
Robeco BP US Large Cap Equities D EUR,LU0474363974,05-May-23,EUR,399.02,USD,1571570906.17,
Robeco BP US Large Cap Equities DH EUR,LU0510167264,05-May-23,EUR,72.45,USD,1571570906.17,
Robeco BP US Large Cap Equities E EUR,LU1143725791,05-May-23,EUR,168.42,USD,1571570906.17,
Robeco BP US Large Cap Equities F EUR,LU0940004590,05-May-23,EUR,251.87,USD,1571570906.17,
Robeco BP US Large Cap Equities FH EUR,LU0940004327,05-May-23,EUR,175.79,USD,1571570906.17,
Robeco BP US Large Cap Equities I EUR,LU0975848697,05-May-23,EUR,257.36,USD,1571570906.17,
Robeco BP US Large Cap Equities IH EUR,LU0975848424,05-May-23,EUR,178.22,USD,1571570906.17,
Robeco BP US Large Cap Equities D USD,LU0510167009,05-May-23,USD,264.41,USD,1571570906.17,
Robeco BP US Large Cap Equities E USD,LU0975848341,05-May-23,USD,167.79,USD,1571570906.17,
Robeco BP US Large Cap Equities I USD,LU0474363545,05-May-23,USD,337.72,USD,1571570906.17,
Robeco BP US Large Cap Equities IE USD,LU0975848267,05-May-23,USD,172.65,USD,1571570906.17,
Robeco BP US Large Cap Equities F GBP,LU0888107165,05-May-23,GBP,287.10,USD,1571570906.17,
Robeco BP US Large Cap Equities IE GBP,LU0699433495,05-May-23,GBP,317.46,USD,1571570906.17,
Robeco BP US Large Cap Equities F USD,LU0888106944,05-May-23,USD,237.45,USD,1571570906.17,
Robeco BP US Large Cap Equities G USD,LU1071242686,05-May-23,USD,91.73,USD,1571570906.17,
Robeco BP US Large Cap Equities M USD,LU0910073989,05-May-23,USD,200.06,USD,1571570906.17,
Robeco BP US Large Cap Equities M2 USD,LU1874123745,05-May-23,USD,116.95,USD,1571570906.17,
Robeco BP US Large Cap Equities G GBP,LU2457462534,05-May-23,GBP,96.40,USD,1571570906.17,
Robeco BP US Large Cap Equities F2 EUR,LU2539431812,05-May-23,EUR,88.80,USD,1571570906.17,
Robeco BP US Large Cap Equities F2H EUR,LU2539430848,05-May-23,EUR,97.45,USD,1571570906.17,
Robeco BP US Large Cap Equities F2 USD,LU2539433354,05-May-23,USD,99.01,USD,1571570906.17,
Robeco BP US Premium Equities MH EUR,LU0355496257,05-May-23,EUR,245.01,USD,5999040858.94,
Robeco BP US Premium Equities K USD,LU0975849232,05-May-23,USD,229.26,USD,5999040858.94,
Robeco BP US Premium Equities D USD,LU0226953718,05-May-23,USD,354.52,USD,5999040858.94,
Robeco BP US Premium Equities F USD,LU0792910720,05-May-23,USD,303.48,USD,5999040858.94,
Robeco BP US Premium Equities I USD,LU0226954369,05-May-23,USD,413.96,USD,5999040858.94,
Robeco BP US Premium Equities FH CHF,LU1777950897,05-May-23,CHF,120.52,USD,5999040858.94,
Robeco BP US Premium Equities D EUR,LU0434928536,05-May-23,EUR,534.09,USD,5999040858.94,
Robeco BP US Premium Equities DH EUR,LU0320896664,05-May-23,EUR,271.31,USD,5999040858.94,
Robeco BP US Premium Equities F EUR,LU0832430747,05-May-23,EUR,336.60,USD,5999040858.94,
Robeco BP US Premium Equities FH EUR,LU0832431125,05-May-23,EUR,244.98,USD,5999040858.94,
Robeco BP US Premium Equities I EUR,LU0454739615,05-May-23,EUR,503.51,USD,5999040858.94,
Robeco BP US Premium Equities IEH EUR,LU1208677333,05-May-23,EUR,144.36,USD,5999040858.94,
Robeco BP US Premium Equities IH EUR,LU0320897043,05-May-23,EUR,315.04,USD,5999040858.94,
Robeco BP US Premium Equities Z EUR,LU0834378985,05-May-23,EUR,371.41,USD,5999040858.94,
Robeco BP US Premium Equities EH GBP,LU0432313756,05-May-23,GBP,275.25,USD,5999040858.94,
Robeco BP US Premium Equities GH GBP,LU0832431802,05-May-23,GBP,217.23,USD,5999040858.94,
Robeco BP US Premium Equities IE GBP,LU0432313244,05-May-23,GBP,445.47,USD,5999040858.94,
Robeco BP US Premium Equities IH GBP,LU1578129394,05-May-23,GBP,140.75,USD,5999040858.94,
Robeco BP US Premium Equities E USD,LU1408526355,05-May-23,USD,167.43,USD,5999040858.94,
Robeco BP US Premium Equities G USD,LU1599172829,05-May-23,USD,151.62,USD,5999040858.94,
Robeco BP US Premium Equities IB USD,LU1807417636,05-May-23,USD,125.86,USD,5999040858.94,
Robeco BP US Premium Equities M USD,LU0355496760,05-May-23,USD,306.63,USD,5999040858.94,
Robeco BP US Premium Equities X USD,LU2216803325,05-May-23,USD,139.37,USD,5999040858.94,
Robeco BP US Premium Equities XH EUR,LU2216803598,05-May-23,EUR,132.27,USD,5999040858.94,
Robeco BP US Premium Equities YH EUR,LU2216803671,05-May-23,EUR,132.52,USD,5999040858.94,
Robeco BP US Premium Equities YH CHF,LU2216803754,05-May-23,CHF,131.77,USD,5999040858.94,
Robeco BP US Premium Equities Y USD,LU2216803838,05-May-23,USD,139.66,USD,5999040858.94,
Robeco BP US Premium Equities G GBP,LU2554842810,05-May-23,GBP,92.78,USD,5999040858.94,
Robeco BP US Premium Equities KE USD,LU2584262153,05-May-23,USD,96.34,USD,5999040858.94,
Robeco QI Global Value Equities F EUR,LU1001394219,05-May-23,EUR,193.81,EUR,242976227.49,
Robeco QI Global Value Equities I EUR,LU1001396420,05-May-23,EUR,195.12,EUR,242976227.49,
Robeco QI Global Value Equities Z EUR,LU1058971620,05-May-23,EUR,189.13,EUR,242976227.49,
Robeco QI Global Value Equities D EUR,LU1940065862,05-May-23,EUR,116.11,EUR,242976227.49,
Robeco QI Global Value Equities F GBP,LU2055796994,05-May-23,GBP,120.13,EUR,242976227.49,
Robeco Investment Grade Corporate Bonds B EUR,LU0418691944,05-May-23,EUR,87.51,EUR,104882891.16,
Robeco Investment Grade Corporate Bonds C EUR,LU0871827621,05-May-23,EUR,83.03,EUR,104882891.16,
Robeco Investment Grade Corporate Bonds D EUR,LU0427063705,05-May-23,EUR,135.81,EUR,104882891.16,
Robeco Investment Grade Corporate Bonds F EUR,LU0940006611,05-May-23,EUR,109.98,EUR,104882891.16,
Robeco Investment Grade Corporate Bonds I EUR,LU0418691860,05-May-23,EUR,149.71,EUR,104882891.16,
Robeco Investment Grade Corporate Bonds IE EUR,LU0425027157,05-May-23,EUR,101.15,EUR,104882891.16,
Robeco Investment Grade Corporate Bonds 0I EUR,LU1058999712,05-May-23,EUR,95.75,EUR,104882891.16,
Robeco Multi Asset Sustainable D EUR,LU1821198576,05-May-23,EUR,111.75,EUR,143328605.34,
Robeco Multi Asset Sustainable F EUR,LU1821198659,05-May-23,EUR,115.09,EUR,143328605.34,
Robeco Multi Asset Sustainable F2 EUR,LU1821198816,05-May-23,EUR,115.09,EUR,143328605.34,
Robeco Multi Asset Sustainable I EUR,LU1821198733,05-May-23,EUR,115.37,EUR,143328605.34,
Robeco Multi Asset Sustainable D USD,LU2539469382,05-May-23,USD,113.02,EUR,143328605.34,
Robeco Multi Asset Sustainable I USD,LU2539469200,05-May-23,USD,113.40,EUR,143328605.34,
Robeco QI Long/Short Dynamic Duration D EUR,LU0230242504,05-May-23,EUR,99.56,EUR,56789028.31,
Robeco QI Long/Short Dynamic Duration E EUR,LU0230834854,05-May-23,EUR,83.14,EUR,56789028.31,
Robeco QI Long/Short Dynamic Duration F EUR,LU0940006538,05-May-23,EUR,95.96,EUR,56789028.31,
Robeco QI Long/Short Dynamic Duration G EUR,LU0940006454,05-May-23,EUR,88.92,EUR,56789028.31,
Robeco QI Long/Short Dynamic Duration I EUR,LU0230242686,05-May-23,EUR,108.37,EUR,56789028.31,
Robeco QI Long/Short Dynamic Duration DH CHF,LU0486541344,05-May-23,CHF,86.22,EUR,56789028.31,
Robeco QI Long/Short Dynamic Duration IH CHF,LU0280704114,05-May-23,CHF,92.58,EUR,56789028.31,
Robeco QI Long/Short Dynamic Duration DH USD,LU0254675159,05-May-23,USD,113.00,EUR,56789028.31,
Robeco QI Long/Short Dynamic Duration IH USD,LU1493701459,05-May-23,USD,106.96,EUR,56789028.31,
Robeco QI Long/Short Dynamic Duration MH USD,LU1940065946,05-May-23,USD,96.30,EUR,56789028.31,
Robeco QI Global Dynamic Duration DH CHF,LU0239949760,05-May-23,CHF,111.05,EUR,996982228.36,
Robeco QI Global Dynamic Duration EH CHF,LU0239949844,05-May-23,CHF,78.12,EUR,996982228.36,
Robeco QI Global Dynamic Duration FH CHF,LU0832449507,05-May-23,CHF,95.06,EUR,996982228.36,
Robeco QI Global Dynamic Duration IEH CHF,LU0239950180,05-May-23,CHF,79.77,EUR,996982228.36,
Robeco QI Global Dynamic Duration DH EUR,LU0084302339,05-May-23,EUR,123.24,EUR,996982228.36,
Robeco QI Global Dynamic Duration EH EUR,LU0239950263,05-May-23,EUR,94.18,EUR,996982228.36,
Robeco QI Global Dynamic Duration FH EUR,LU0792901570,05-May-23,EUR,100.51,EUR,996982228.36,
Robeco QI Global Dynamic Duration GH EUR,LU0792901737,05-May-23,EUR,71.12,EUR,996982228.36,
Robeco QI Global Dynamic Duration IH EUR,LU0239950693,05-May-23,EUR,136.83,EUR,996982228.36,
Robeco QI Global Dynamic Duration IEH EUR,LU0239950933,05-May-23,EUR,102.50,EUR,996982228.36,
Robeco QI Global Dynamic Duration ZH EUR,LU0517085808,05-May-23,EUR,119.51,EUR,996982228.36,
Robeco QI Global Dynamic Duration FH GBP,LU1377967911,05-May-23,GBP,92.80,EUR,996982228.36,
Robeco QI Global Dynamic Duration GH GBP,LU1377967671,05-May-23,GBP,74.83,EUR,996982228.36,
Robeco QI Global Dynamic Duration IBH JPY,LU1648456728,05-May-23,JPY,8175.24,EUR,996982228.36,
Robeco QI Global Dynamic Duration DH USD,LU0239949414,05-May-23,USD,149.89,EUR,996982228.36,
Robeco QI Global Dynamic Duration FH USD,LU0832449689,05-May-23,USD,116.29,EUR,996982228.36,
Robeco QI Global Dynamic Duration IEH USD,LU1664640726,05-May-23,USD,94.61,EUR,996982228.36,
Robeco QI Global Dynamic Duration IH USD,LU1377968059,05-May-23,USD,99.07,EUR,996982228.36,
Robeco Customized Liability Driven Fund I P EUR,LU1508354021,05-May-23,EUR,78.15,EUR,976129493.93,
Robeco Customized Liability Driven Fund II P EUR,LU1389123370,05-May-23,EUR,65.63,EUR,128456545.33,
Robeco Customized Liability Driven Fund VI P EUR,LU1389122646,05-May-23,EUR,56.45,EUR,397201032.77,
Robeco Global Total Return Bond Fund DH CHF,LU1071240714,05-May-23,CHF,89.95,EUR,410236624.78,
Robeco Global Total Return Bond Fund IH CHF,LU1036587134,05-May-23,CHF,94.70,EUR,410236624.78,
Robeco Global Total Return Bond Fund CH EUR,LU0951484418,05-May-23,EUR,79.46,EUR,410236624.78,
Robeco Global Total Return Bond Fund DH EUR,LU0934195610,05-May-23,EUR,52.22,EUR,410236624.78,
Robeco Global Total Return Bond Fund EH EUR,LU1152269087,05-May-23,EUR,83.92,EUR,410236624.78,
Robeco Global Total Return Bond Fund FH EUR,LU0951484681,05-May-23,EUR,100.89,EUR,410236624.78,
Robeco Global Total Return Bond Fund IH EUR,LU0951484178,05-May-23,EUR,101.64,EUR,410236624.78,
Robeco Global Total Return Bond Fund DH USD,LU1124238426,05-May-23,USD,106.48,EUR,410236624.78,
Robeco Global Total Return Bond Fund IH USD,LU0955120620,05-May-23,USD,117.78,EUR,410236624.78,
RobecoSAM Global SDG Credits CH EUR,LU1811861274,05-May-23,EUR,90.90,EUR,2109153637.97,
RobecoSAM Global SDG Credits DH EUR,LU1811861357,05-May-23,EUR,96.74,EUR,2109153637.97,
RobecoSAM Global SDG Credits IH EUR,LU1811861431,05-May-23,EUR,98.46,EUR,2109153637.97,
RobecoSAM Global SDG Credits ZH EUR,LU1821198220,05-May-23,EUR,101.28,EUR,2109153637.97,
RobecoSAM Global SDG Credits CH USD,LU1811861514,05-May-23,USD,100.80,EUR,2109153637.97,
RobecoSAM Global SDG Credits DH USD,LU1811861605,05-May-23,USD,106.91,EUR,2109153637.97,
RobecoSAM Global SDG Credits IH USD,LU1811861787,05-May-23,USD,109.41,EUR,2109153637.97,
RobecoSAM Global SDG Credits FH GBP,LU1857098682,05-May-23,GBP,102.88,EUR,2109153637.97,
RobecoSAM Global SDG Credits FH CHF,LU1940066084,05-May-23,CHF,95.74,EUR,2109153637.97,
RobecoSAM Global SDG Credits Z EUR,LU1945298997,05-May-23,EUR,107.94,EUR,2109153637.97,
RobecoSAM Global SDG Credits IH GBP,LU1945299961,05-May-23,GBP,101.42,EUR,2109153637.97,
RobecoSAM Global SDG Credits IH CHF,LU1994987623,05-May-23,CHF,93.72,EUR,2109153637.97,
RobecoSAM global SDG Credits IEH GBP,LU2055796481,05-May-23,GBP,88.41,EUR,2109153637.97,
RobecoSAM global SDG Credits FH EUR,LU2055796564,05-May-23,EUR,90.77,EUR,2109153637.97,
Robeco SAM global SDG Credits GH GBP,LU2055796648,05-May-23,GBP,88.58,EUR,2109153637.97,
RobecoSAM global SDG Credits FH USD,LU2055796721,05-May-23,USD,96.99,EUR,2109153637.97,
RobecoSAM Global SDG Credits DH SEK,LU2091212980,05-May-23,SEK,89.66,EUR,2109153637.97,
RobecoSAM Global SDG Credits CH AUD,LU2207422291,05-May-23,AUD,81.21,EUR,2109153637.97,
RobecoSAM Global SDG Credits IH JPY,LU2258286876,05-May-23,JPY,8255.62,EUR,2109153637.97,
RobecoSAM Global SDG Credits M2H EUR,LU2302992180,05-May-23,EUR,83.49,EUR,2109153637.97,
RobecoSAM Global SDG Credits IH SEK,LU2324510176,05-May-23,SEK,87.44,EUR,2109153637.97,
RobecoSAM Global SDG Credits IBXH USD,LU2365448427,05-May-23,USD,83.18,EUR,2109153637.97,
RobecoSAM Global SDG Credits IH NOK,LU2539430764,05-May-23,NOK,107.61,EUR,2109153637.97,
RobecoSAM Global SDG Credits EH SEK,LU2582978149,05-May-23,SEK,101.92,EUR,2109153637.97,
Robeco QI Multi Factor Absolute Return I EUR,LU1840771593,05-May-23,EUR,80.24,EUR,3863715.70,
Robeco QI Multi Factor Absolute Return IH USD,LU1843279701,05-May-23,USD,86.85,EUR,3863715.70,
Robeco QI Global Multi-Factor High Yield FH EUR,LU1809229039,05-May-23,EUR,101.86,EUR,253829854.15,
Robeco QI Global Multi-Factor High Yield IH EUR,LU1809229112,05-May-23,EUR,102.30,EUR,253829854.15,
Robeco QI Global Multi-Factor High Yield FH USD,LU1809229385,05-May-23,USD,113.60,EUR,253829854.15,
Robeco QI Global Multi-Factor High Yield Z EUR,LU1945298724,05-May-23,EUR,114.24,EUR,253829854.15,
Robeco FinTech D EUR,LU1700710939,05-May-23,EUR,121.36,EUR,471569223.86,
Robeco FinTech F EUR,LU1700711077,05-May-23,EUR,126.46,EUR,471569223.86,
Robeco FinTech I EUR,LU1700711150,05-May-23,EUR,126.67,EUR,471569223.86,
Robeco FinTech Z EUR,LU1700711234,05-May-23,EUR,133.07,EUR,471569223.86,
Robeco FinTech F GBP,LU1757833261,05-May-23,GBP,116.69,EUR,471569223.86,
Robeco FinTech D USD,LU1700711317,05-May-23,USD,113.45,EUR,471569223.86,
Robeco FinTech F USD,LU1700711408,05-May-23,USD,118.20,EUR,471569223.86,
Robeco FinTech I USD,LU1700711580,05-May-23,USD,118.41,EUR,471569223.86,
Robeco FinTech M2 EUR,LU1857098096,05-May-23,EUR,99.28,EUR,471569223.86,
Robeco FinTech M2 USD,LU1857098179,05-May-23,USD,93.61,EUR,471569223.86,
Robeco FinTech FH CHF,LU1857098252,05-May-23,CHF,90.94,EUR,471569223.86,
Robeco FinTech IH EUR,LU1940065359,05-May-23,EUR,95.22,EUR,471569223.86,
Robeco FinTech DH CHF,LU1945299615,05-May-23,CHF,90.55,EUR,471569223.86,
Robeco Fintech X GBP,LU2216803911,05-May-23,GBP,82.96,EUR,471569223.86,
Robeco Fintech XH CHF,LU2216804059,05-May-23,CHF,75.27,EUR,471569223.86,
Robeco Fintech X USD,LU2216804133,05-May-23,USD,79.80,EUR,471569223.86,
Robeco Fintech X EUR,LU2216804216,05-May-23,EUR,85.73,EUR,471569223.86,
Robeco Financial Institutions Bonds Feeder Fund - zero duration I EUR,LU1734222885,05-May-23,EUR,101.37,EUR,812796.74,
Robeco Financial Institutions Bonds Feeder Fund - zero duration IH USD,LU1821796635,05-May-23,USD,114.92,EUR,812796.74,
Robeco Financial Institutions Bonds Feeder Fund - zero duration D EUR,LU1840770785,05-May-23,EUR,103.02,EUR,812796.74,
Robeco Financial Institutions Bonds Feeder Fund - zero duration D3H USD,LU1874123406,05-May-23,USD,97.27,EUR,812796.74,
Robeco Global Credits Feeder Fund - zero duration IH USD,LU1940066241,05-May-23,USD,112.56,EUR,521760025.25,
Robeco Global Credits Feeder Fund - zero duration IH GBP,LU1945300215,05-May-23,GBP,107.66,EUR,521760025.25,
Robeco High Yield Bonds Feeder Fund - zero duration DH EUR,LU1840770512,05-May-23,EUR,106.51,USD,46347963.97,
Robeco High Yield Bonds Feeder Fund - zero duration FH EUR,LU1840770439,05-May-23,EUR,109.12,USD,46347963.97,
Robeco High Yield Bonds Feeder Fund - zero duration IH EUR,LU1840770603,05-May-23,EUR,109.60,USD,46347963.97,
Robeco High Yield Bonds Feeder Fund - zero duration Bx USD,LU1840769936,05-May-23,USD,94.23,USD,46347963.97,
Robeco High Yield Bonds Feeder Fund - zero duration I USD,LU1734219741,05-May-23,USD,119.50,USD,46347963.97,
Robeco High Yield Bonds Feeder Fund - zero duration D2 USD,LU1857098849,05-May-23,USD,112.96,USD,46347963.97,
Robeco High Yield Bonds Feeder Fund - zero duration D3 USD,LU1874123315,05-May-23,USD,96.59,USD,46347963.97,
Robeco QI European Value Equities F EUR,LU1874124800,05-May-23,EUR,132.15,EUR,5853134.41,
Robeco QI European Value Equities I EUR,LU1874124719,05-May-23,EUR,132.50,EUR,5853134.41,
Robeco QI Chinese A-share Conservative Equities D EUR,LU1848871007,05-May-23,EUR,154.25,CNH,44058468.08,
Robeco QI Chinese A-share Conservative Equities I EUR,LU1848870884,05-May-23,EUR,159.02,CNH,44058468.08,
Robeco QI Chinese A-share Conservative Equities Z EUR,LU1848871189,05-May-23,EUR,165.50,CNH,44058468.08,
Robeco QI Chinese A-share Conservative Equities I USD,LU1848870967,05-May-23,USD,150.14,CNH,44058468.08,
Robeco QI Chinese A-share Conservative Equities D USD,LU1848870702,05-May-23,USD,145.63,CNH,44058468.08,
Robeco Customized Liability Driven Fund VII,LU1949716051,05-May-23,EUR,71.46,EUR,102853866.71,
Robeco Sustainable Pension Return EUR X,NL0013332455,05-May-23,EUR,117.48,EUR,2412814258.84,
Robeco Sustainable Pension Income EUR X,NL0013332463,05-May-23,EUR,103.69,EUR,362662822.13,
Robeco Sustainable Emerging Stars Equities I EUR,LU2035182265,05-May-23,EUR,114.51,EUR,40446184.09,
Robeco Sustainable Emerging Stars Equities D EUR ,LU2035182349,05-May-23,EUR,111.58,EUR,40446184.09,
Robeco Sustainable Emerging Stars Equities F EUR,LU2035182695,05-May-23,EUR,114.24,EUR,40446184.09,
Robeco Sustainable Emerging Stars Equities I USD,LU2035182851,05-May-23,USD,114.23,EUR,40446184.09,
Robeco Sustainable Emerging Stars Equities D USD,LU2035182935,05-May-23,USD,111.50,EUR,40446184.09,
Robeco Sustainable Emerging Stars Equities F USD,LU2035183313,05-May-23,USD,113.94,EUR,40446184.09,
Robeco Sustainable Emerging Stars Equities IL GBP,LU2100417026,05-May-23,GBP,104.20,EUR,40446184.09,
Robeco QI Emerging Markets Sustainable Enhanced Index Equities I EUR,LU2035181531,05-May-23,EUR,109.82,USD,210307439.45,
Robeco QI Emerging Markets Sustainable Enhanced Index Equities D EUR ,LU2035181614,05-May-23,EUR,108.10,USD,210307439.45,
Robeco QI Emerging Markets Sustainable Enhanced Index Equities F EUR,LU2035181705,05-May-23,EUR,109.49,USD,210307439.45,
Robeco QI Emerging Markets Sustainable Enhanced Index Equities I USD,LU2035181887,05-May-23,USD,109.50,USD,210307439.45,
Robeco QI Emerging Markets Sustainable Enhanced Index Equities D USD,LU2035181960,05-May-23,USD,107.74,USD,210307439.45,
Robeco QI Emerging Markets Sustainable Enhanced Index Equities F USD,LU2035182000,05-May-23,USD,109.13,USD,210307439.45,
Robeco QI Emerging Markets Sustainable Enhanced Index Equities Z CHF,LU2035182182,05-May-23,CHF,100.88,USD,210307439.45,
Sustainable Pension Return EUR X,NL0013689276,05-May-23,EUR,111.20,EUR,87807745.61,
RobecoSAM SDG High Yield Bonds DH EUR,LU2061804048,05-May-23,EUR,94.55,EUR,322327750.91,
RobecoSAM SDG High Yield Bonds FH EUR,LU2061804121,05-May-23,EUR,96.52,EUR,322327750.91,
RobecoSAM SDG High Yield Bonds IE EUR,LU2061804394,05-May-23,EUR,9151.77,EUR,322327750.91,
RobecoSAM SDG High Yield Bonds IH EUR,LU2061804477,05-May-23,EUR,96.53,EUR,322327750.91,
RobecoSAM SDG High Yield Bonds IEH GBP,LU2061804634,05-May-23,GBP,88.81,EUR,322327750.91,
RobecoSAM SDG High Yield Bonds FH USD,LU2061804808,05-May-23,USD,103.02,EUR,322327750.91,
RobecoSAM SDG High Yield Bonds IH USD,LU2061804980,05-May-23,USD,106.97,EUR,322327750.91,
RobecoSAM SDG High Yield Bonds DH SEK,LU2440107410,05-May-23,SEK,95.26,EUR,322327750.91,
RobecoSAM SDG High Yield Bonds IH GBP,LU2489395322,05-May-23,GBP,106.26,EUR,322327750.91,
RobecoSAM SDG High Yield Bonds IEH USD,LU2529316437,05-May-23,USD,105.70,EUR,322327750.91,
RobecoSAM SDG High Yield Bonds ZH GBP,LU2539433271,05-May-23,GBP,109.59,EUR,322327750.91,
RobecoSAM SDG High Yield Bonds EH SEK,LU2582979113,05-May-23,SEK,101.65,EUR,322327750.91,
Robeco QI Global Multi-Factor Bonds DH USD,LU2067161856,05-May-23,USD,90.94,EUR,28268138.39,
Robeco QI Global Multi-Factor Bonds FH USD,LU2067163472,05-May-23,USD,91.96,EUR,28268138.39,
Robeco QI Global Multi-Factor Bonds IH USD,LU2067165097,05-May-23,USD,92.21,EUR,28268138.39,
Robeco QI Global Multi-Factor Bonds DH EUR,LU2067166657,05-May-23,EUR,86.20,EUR,28268138.39,
Robeco QI Global Multi-Factor Bonds FH EUR,LU2067168356,05-May-23,EUR,87.19,EUR,28268138.39,
Robeco QI Global Multi-Factor Bonds IH EUR,LU2067172382,05-May-23,EUR,87.31,EUR,28268138.39,
Robeco QI Global Multi-Factor Bond ZH GBP,LU2207421996,05-May-23,GBP,89.25,EUR,28268138.39,
RobecoSAM Circular Economy Equities D EUR,LU2092758726,05-May-23,EUR,124.15,EUR,186294954.54,
RobecoSAM Circular Economy Equities F EUR,LU2092758999,05-May-23,EUR,127.23,EUR,186294954.54,
RobecoSAM Circular Economy Equities I EUR,LU2092759021,05-May-23,EUR,127.36,EUR,186294954.54,
RobecoSAM Circular Economy Equities D USD,LU2092759294,05-May-23,USD,123.70,EUR,186294954.54,
RobecoSAM Circular Economy Equities F USD,LU2092759377,05-May-23,USD,126.78,EUR,186294954.54,
RobecoSAM Circular Economy Equities I USD,LU2092759450,05-May-23,USD,126.92,EUR,186294954.54,
RobecoSAM Circular Economy Equities Z EUR,LU2118442214,05-May-23,EUR,137.27,EUR,186294954.54,
RobecoSAM Circular Economy Equities G EUR,LU2207421301,05-May-23,EUR,126.23,EUR,186294954.54,
RobecoSAM Circular Economy Equities M2 EUR,LU2292538324,05-May-23,EUR,102.01,EUR,186294954.54,
RobecoSAM Circular Economy Equities IE EUR,LU2408969587,05-May-23,EUR,8501.75,EUR,186294954.54,
RobecoSAM Circular Economy Equities Z USD,LU2501123272,05-May-23,USD,112.25,EUR,186294954.54,
RobecoSAM Circular Economy Equities DH EUR,LU2529316510,05-May-23,EUR,106.31,EUR,186294954.54,
RobecoSAM Circular Economy Equities FH EUR,LU2529316601,05-May-23,EUR,106.83,EUR,186294954.54,
RobecoSAM Circular Economy Equities IB USD,LU2539431226,05-May-23,USD,111.55,EUR,186294954.54,
RobecoSAM Circular Economy Equities IE USD,LU2554843545,05-May-23,USD,107.38,EUR,186294954.54,
Robeco Sustainable Asian Stars Equities DL EUR,LU2133220793,05-May-23,EUR,128.06,USD,15325141.98,
Robeco Sustainable Asian Stars Equities IL EUR,LU2133220959,05-May-23,EUR,130.89,USD,15325141.98,
Robeco Sustainable Asian Stars Equities S EUR,LU2133221098,05-May-23,EUR,131.74,USD,15325141.98,
Robeco Sustainable Asian Stars Equities DL USD,LU2133221171,05-May-23,USD,127.78,USD,15325141.98,
Robeco Sustainable Asian Stars Equities FL USD,LU2133221254,05-May-23,USD,130.49,USD,15325141.98,
Robeco Sustainable Asian Stars Equities IL USD,LU2133221338,05-May-23,USD,130.62,USD,15325141.98,
Robeco Sustainable Asian Stars Equities S USD,LU2133221411,05-May-23,USD,131.46,USD,15325141.98,
RobecoSAM Global Green Bonds IH EUR,LU2138604454,05-May-23,EUR,85.43,EUR,66883983.25,
RobecoSAM Global Green Bonds FH EUR,LU2138604611,05-May-23,EUR,85.22,EUR,66883983.25,
RobecoSAM Global Green Bonds DH EUR,LU2138604702,05-May-23,EUR,84.44,EUR,66883983.25,
RobecoSAM Global Green Bonds DH USD,LU2138604884,05-May-23,USD,88.51,EUR,66883983.25,
RobecoSAM Global Green Bonds IH CHF,LU2138604967,05-May-23,CHF,84.23,EUR,66883983.25,
RobecoSAM Global Green Bonds IH NOK,LU2365448690,05-May-23,NOK,83.85,EUR,66883983.25,
RobecoSAM Global Green Bonds ZH EUR,LU2400458183,05-May-23,EUR,84.37,EUR,66883983.25,
RobecoSAM Global Green Bonds IH USD,LU2489394788,05-May-23,USD,101.17,EUR,66883983.25,
RobecoSAM Global Green Bonds ZH GBP,LU2539432034,05-May-23,GBP,105.24,EUR,66883983.25,
RobecoSAM Global Gender Equality Equities D EUR,LU2145458969,05-May-23,EUR,186.75,EUR,125958858.61,
RobecoSAM Global Gender Equality Equities D USD,LU2145459009,05-May-23,USD,130.25,EUR,125958858.61,
RobecoSAM Global Gender Equality Equities F EUR,LU2145459264,05-May-23,EUR,198.76,EUR,125958858.61,
RobecoSAM Global Gender Equality Equities F USD,LU2145459348,05-May-23,USD,134.79,EUR,125958858.61,
RobecoSAM Global Gender Equality Equities I EUR,LU2145459777,05-May-23,EUR,198.34,EUR,125958858.61,
RobecoSAM Global Gender Equality Equities IE EUR,LU2145459850,05-May-23,EUR,145.39,EUR,125958858.61,
RobecoSAM Global Gender Equality Equities Z EUR,LU2145460270,05-May-23,EUR,212.26,EUR,125958858.61,
RobecoSAM Global Gender Equality Equities IE GBP,LU2258287338,05-May-23,GBP,110.75,EUR,125958858.61,
RobecoSAM Global Gender Equality Equities M2 EUR,LU2292538241,05-May-23,EUR,106.31,EUR,125958858.61,
RobecoSAM Global SDG Equities D-EUR,LU2145460353,05-May-23,EUR,146.16,EUR,76049821.43,
RobecoSAM Global SDG Equities D-USD,LU2145460437,05-May-23,USD,137.08,EUR,76049821.43,
RobecoSAM Global SDG Equities F-EUR,LU2145460510,05-May-23,EUR,151.80,EUR,76049821.43,
RobecoSAM Global SDG Equities I-EUR,LU2145460783,05-May-23,EUR,152.52,EUR,76049821.43,
RobecoSAM Global SDG Equities S-EUR,LU2145461161,05-May-23,EUR,154.57,EUR,76049821.43,
RobecoSAM Global SDG Equities M2 EUR,LU2292538753,05-May-23,EUR,106.09,EUR,76049821.43,
RobecoSAM Global SDG Equities Z EUR,LU2145461591,05-May-23,EUR,97.77,EUR,76049821.43,
RobecoSAM Smart Energy Equities D-CHF,LU2145461674,05-May-23,CHF,49.51,EUR,3606210588.62,
RobecoSAM Smart Energy Equities D-EUR,LU2145461757,05-May-23,EUR,51.58,EUR,3606210588.62,
RobecoSAM Smart Energy Equities D-USD,LU2145461914,05-May-23,USD,56.21,EUR,3606210588.62,
RobecoSAM Smart Energy Equities E-EUR,LU2145462052,05-May-23,EUR,25.62,EUR,3606210588.62,
RobecoSAM Smart Energy Equities F-CHF,LU2145462219,05-May-23,CHF,180.50,EUR,3606210588.62,
RobecoSAM Smart Energy Equities F-EUR,LU2145462300,05-May-23,EUR,32.71,EUR,3606210588.62,
RobecoSAM Smart Energy Equities F-USD,LU2145462482,05-May-23,USD,196.80,EUR,3606210588.62,
RobecoSAM Smart Energy Equities G-GBP,LU2145462565,05-May-23,GBP,29.07,EUR,3606210588.62,
RobecoSAM Smart Energy Equities I-CHF,LU2145462649,05-May-23,CHF,57.01,EUR,3606210588.62,
RobecoSAM Smart Energy Equities I-EUR,LU2145462722,05-May-23,EUR,58.09,EUR,3606210588.62,
RobecoSAM Smart Energy Equities I-GBP,LU2145462995,05-May-23,GBP,50.66,EUR,3606210588.62,
RobecoSAM Smart Energy Equities I-USD,LU2145463027,05-May-23,USD,63.44,EUR,3606210588.62,
RobecoSAM Smart Energy Equities M2-EUR,LU2145463373,05-May-23,EUR,45.89,EUR,3606210588.62,
RobecoSAM Smart Energy Equities Z EUR,LU2145463456,05-May-23,EUR,121.01,EUR,3606210588.62,
RobecoSAM Smart Energy Equities X GBP,LU2258287411,05-May-23,GBP,116.42,EUR,3606210588.62,
RobecoSAM Smart Energy Equities X USD,LU2258287502,05-May-23,USD,109.98,EUR,3606210588.62,
RobecoSAM Smart Energy Equities X EUR,LU2258287684,05-May-23,EUR,118.62,EUR,3606210588.62,
RobecoSAM Smart Energy Equities X CHF,LU2440107337,05-May-23,CHF,99.07,EUR,3606210588.62,
RobecoSAM Smart Energy Equities DH EUR,LU2451385632,05-May-23,EUR,94.22,EUR,3606210588.62,
RobecoSAM Smart Energy Equities Z USD,LU2501123439,05-May-23,USD,113.09,EUR,3606210588.62,
RobecoSAM Smart Energy Equities IE EUR,LU2145463290,05-May-23,EUR,100.17,EUR,3606210588.62,
RobecoSAM Smart Energy Equities Z GBP,LU2539432547,05-May-23,GBP,110.23,EUR,3606210588.62,
RobecoSAM Smart Materials Equities D-CHF,LU2145463530,05-May-23,CHF,305.87,EUR,1110468097.10,
RobecoSAM Smart Materials Equities D-EUR,LU2145463613,05-May-23,EUR,311.33,EUR,1110468097.10,
RobecoSAM Smart Materials Equities D-USD,LU2145463704,05-May-23,USD,342.64,EUR,1110468097.10,
RobecoSAM Smart Materials Equities F-CHF,LU2145464181,05-May-23,CHF,110.94,EUR,1110468097.10,
RobecoSAM Smart Materials Equities F-EUR,LU2145464264,05-May-23,EUR,268.48,EUR,1110468097.10,
RobecoSAM Smart Materials Equities F-USD,LU2145464348,05-May-23,USD,123.65,EUR,1110468097.10,
RobecoSAM Smart Materials Equities G-EUR,LU2145464421,05-May-23,EUR,173.16,EUR,1110468097.10,
RobecoSAM Smart Materials Equities G-GBP,LU2145464694,05-May-23,GBP,219.06,EUR,1110468097.10,
RobecoSAM Smart Materials Equities I-EUR,LU2145464777,05-May-23,EUR,398.23,EUR,1110468097.10,
RobecoSAM Smart Materials Equities I-GBP,LU2145464850,05-May-23,GBP,220.30,EUR,1110468097.10,
RobecoSAM Smart Materials Equities I-USD,LU2145464934,05-May-23,USD,156.51,EUR,1110468097.10,
RobecoSAM Smart Materials Equities M2-EUR,LU2145465154,05-May-23,EUR,223.21,EUR,1110468097.10,
RobecoSAM Smart Materials Equities Z EUR,LU2145465238,05-May-23,EUR,90.67,EUR,1110468097.10,
RobecoSAM Smart Materials Equities Z USD,LU2501123603,05-May-23,USD,109.91,EUR,1110468097.10,
RobecoSAM Smart Materials Equities Z GBP,LU2539432380,05-May-23,GBP,105.72,EUR,1110468097.10,
RobecoSAM Smart Mobility Equities D-CHF,LU2145465311,05-May-23,CHF,139.78,EUR,534217934.46,
RobecoSAM Smart Mobility Equities D-EUR,LU2145465402,05-May-23,EUR,164.76,EUR,534217934.46,
RobecoSAM Smart Mobility Equities D-USD,LU2145465584,05-May-23,USD,155.00,EUR,534217934.46,
RobecoSAM Smart Mobility Equities F-CHF,LU2145465741,05-May-23,CHF,144.85,EUR,534217934.46,
RobecoSAM Smart Mobility Equities F-EUR,LU2145465824,05-May-23,EUR,170.79,EUR,534217934.46,
RobecoSAM Smart Mobility Equities F-USD,LU2145466046,05-May-23,USD,160.62,EUR,534217934.46,
RobecoSAM Smart Mobility Equities I-EUR,LU2145466129,05-May-23,EUR,171.06,EUR,534217934.46,
RobecoSAM Smart Mobility Equities I-USD,LU2145466475,05-May-23,USD,160.94,EUR,534217934.46,
RobecoSAM Smart Mobility Equities M2-EUR,LU2145466558,05-May-23,EUR,190.51,EUR,534217934.46,
RobecoSAM Smart Mobility Equities S-USD,LU2145466715,05-May-23,USD,163.78,EUR,534217934.46,
RobecoSAM Smart Mobility Equities Z EUR,LU2145466632,05-May-23,EUR,89.90,EUR,534217934.46,
RobecoSAM Smart Mobility Equities E EUR,LU2145465667,05-May-23,EUR,93.30,EUR,534217934.46,
RobecoSAM Smart Mobility Equities Z USD,LU2501123355,05-May-23,USD,104.13,EUR,534217934.46,
RobecoSAM Smart Mobility Equities Z GBP,LU2539432463,05-May-23,GBP,106.17,EUR,534217934.46,
RobecoSAM Sustainable Healthy Living Equities D-EUR,LU2146189407,05-May-23,EUR,252.67,EUR,458217737.55,
RobecoSAM Sustainable Healthy Living Equities D-USD,LU2146189589,05-May-23,USD,278.56,EUR,458217737.55,
RobecoSAM Sustainable Healthy Living Equities E-EUR,LU2146189662,05-May-23,EUR,143.84,EUR,458217737.55,
RobecoSAM Sustainable Healthy Living Equities F-EUR,LU2146189746,05-May-23,EUR,248.88,EUR,458217737.55,
RobecoSAM Sustainable Healthy Living Equities I-EUR,LU2146190165,05-May-23,EUR,287.80,EUR,458217737.55,
RobecoSAM Sustainable Healthy Living Equities I-USD,LU2146190249,05-May-23,USD,134.28,EUR,458217737.55,
RobecoSAM Sustainable Healthy Living Equities M2-EUR,LU2146190595,05-May-23,EUR,276.01,EUR,458217737.55,
RobecoSAM Sustainable Healthy Living Equities Z-EUR,LU2146190678,05-May-23,EUR,441.84,EUR,458217737.55,
RobecoSAM Sustainable Healthy Living Equities I GBP,LU2315820535,05-May-23,GBP,105.00,EUR,458217737.55,
RobecoSAM Sustainable Healthy Living Equities F CHF,LU2400458696,05-May-23,CHF,83.19,EUR,458217737.55,
RobecoSAM Sustainable Healthy Living Equities F USD,LU2400458779,05-May-23,USD,85.74,EUR,458217737.55,
RobecoSAM Sustainable Healthy Living Equities Z USD,LU2501123512,05-May-23,USD,105.42,EUR,458217737.55,
RobecoSAM Sustainable Water Equities D-CHF,LU2146190751,05-May-23,CHF,449.74,EUR,3385979392.21,
RobecoSAM Sustainable Water Equities D-EUR,LU2146190835,05-May-23,EUR,463.16,EUR,3385979392.21,
RobecoSAM Sustainable Water Equities D-USD,LU2146191130,05-May-23,USD,494.72,EUR,3385979392.21,
RobecoSAM Sustainable Water Equities E-EUR,LU2146191213,05-May-23,EUR,194.37,EUR,3385979392.21,
RobecoSAM Sustainable Water Equities F-CHF,LU2146191486,05-May-23,CHF,138.74,EUR,3385979392.21,
RobecoSAM Sustainable Water Equities F-EUR,LU2146191569,05-May-23,EUR,328.32,EUR,3385979392.21,
RobecoSAM Sustainable Water Equities F-USD,LU2146191643,05-May-23,USD,147.43,EUR,3385979392.21,
RobecoSAM Sustainable Water Equities G-EUR,LU2146191726,05-May-23,EUR,151.17,EUR,3385979392.21,
RobecoSAM Sustainable Water Equities G-GBP,LU2146191999,05-May-23,GBP,263.71,EUR,3385979392.21,
RobecoSAM Sustainable Water Equities I-CHF,LU2146192021,05-May-23,CHF,521.96,EUR,3385979392.21,
RobecoSAM Sustainable Water Equities I-EUR,LU2146192377,05-May-23,EUR,534.65,EUR,3385979392.21,
RobecoSAM Sustainable Water Equities I-GBP,LU2146192450,05-May-23,GBP,466.07,EUR,3385979392.21,
RobecoSAM Sustainable Water Equities I-USD,LU2146192534,05-May-23,USD,585.13,EUR,3385979392.21,
RobecoSAM Sustainable Water Equities M2-EUR,LU2146192617,05-May-23,EUR,412.67,EUR,3385979392.21,
RobecoSAM Sustainable Water Equities Z-EUR,LU2146192880,05-May-23,EUR,495.87,EUR,3385979392.21,
RobecoSAM Sustainable Water Equities Z USD,LU2501124320,05-May-23,USD,106.50,EUR,3385979392.21,
Robeco QI Emerging Sustainable Conservative Equities Fund - EUR G,NL0015436098,05-May-23,EUR,117.12,EUR,192530056.63,
Robeco QI Emerging Sustainable Conservative Equities Fund - EUR X,NL0015436080,05-May-23,EUR,117.11,EUR,192530056.63,
RobecoSAM Climate Global Bonds DH EUR,LU2258388284,05-May-23,EUR,82.83,EUR,23655407.07,
RobecoSAM Climate Global Bonds FH EUR,LU2258388367,05-May-23,EUR,83.45,EUR,23655407.07,
RobecoSAM Climate Global Bonds IH EUR,LU2258388441,05-May-23,EUR,83.70,EUR,23655407.07,
RobecoSAM Climate Global Bonds IH GBP,LU2258388524,05-May-23,GBP,85.74,EUR,23655407.07,
RobecoSAM Climate Global Bonds DH USD,LU2258388797,05-May-23,USD,86.26,EUR,23655407.07,
RobecoSAM Climate Global Bonds FH USD,LU2258388870,05-May-23,USD,87.05,EUR,23655407.07,
RobecoSAM Climate Global Bonds IH USD,LU2258388953,05-May-23,USD,87.15,EUR,23655407.07,
RobecoSAM Climate Global Bonds ZH EUR,LU2400458266,05-May-23,EUR,86.66,EUR,23655407.07,
RobecoSAM Climate Global Credits DH EUR,LU2258387559,05-May-23,EUR,81.71,EUR,130876545.26,
RobecoSAM Climate Global Credits FH EUR,LU2258387633,05-May-23,EUR,82.50,EUR,130876545.26,
RobecoSAM Climate Global Credits IH EUR,LU2258387716,05-May-23,EUR,82.64,EUR,130876545.26,
RobecoSAM Climate Global Credits IH GBP,LU2258387807,05-May-23,GBP,84.76,EUR,130876545.26,
RobecoSAM Climate Global Credits DH USD,LU2258387989,05-May-23,USD,85.71,EUR,130876545.26,
RobecoSAM Climate Global Credits FH USD,LU2258388011,05-May-23,USD,86.54,EUR,130876545.26,
RobecoSAM Climate Global Credits IH USD,LU2258388102,05-May-23,USD,86.73,EUR,130876545.26,
RobecoSAM Climate Global Credits IBH JPY,LU2378181999,05-May-23,JPY,7805.35,EUR,130876545.26,
RobecoSAM Climate Global Credits ZH GBP,LU2539432117,05-May-23,GBP,107.90,EUR,130876545.26,
RobecoSAM Global SDG Engagement Equities D EUR,LU2354272812,05-May-23,EUR,89.37,USD,1328235931.62,
RobecoSAM Global SDG Engagement Equities D USD,LU2354272903,05-May-23,USD,83.15,USD,1328235931.62,
RobecoSAM Global SDG Engagement Equities F EUR,LU2354273117,05-May-23,EUR,90.60,USD,1328235931.62,
RobecoSAM Global SDG Engagement Equities F USD,LU2354273208,05-May-23,USD,84.29,USD,1328235931.62,
RobecoSAM Global SDG Engagement Equities I USD,LU2354273380,05-May-23,USD,84.42,USD,1328235931.62,
RobecoSAM Global SDG Engagement Equities I EUR,LU2354273463,05-May-23,EUR,90.73,USD,1328235931.62,
RobecoSAM Global SDG Engagement Equities DH USD,LU2365448773,05-May-23,USD,87.01,USD,1328235931.62,
RobecoSAM Global SDG Engagement Equities DH EUR,LU2365448856,05-May-23,EUR,82.65,USD,1328235931.62,
RobecoSAM Global SDG Engagement Equities DH CHF,LU2365448930,05-May-23,CHF,82.02,USD,1328235931.62,
RobecoSAM Global SDG Engagement Equities XH USD,LU2365449235,05-May-23,USD,88.56,USD,1328235931.62,
RobecoSAM Global SDG Engagement Equities XH GBP,LU2365449581,05-May-23,GBP,85.94,USD,1328235931.62,
RobecoSAM Global SDG Engagement Equities YH USD,LU2365449664,05-May-23,USD,88.62,USD,1328235931.62,
RobecoSAM Global SDG Engagement Equities YH EUR,LU2365449748,05-May-23,EUR,84.26,USD,1328235931.62,
RobecoSAM Global SDG Engagement Equities YH CHF,LU2365449821,05-May-23,CHF,83.66,USD,1328235931.62,
RobecoSAM Global SDG Engagement Equities YH GBP,LU2365450084,05-May-23,GBP,86.09,USD,1328235931.62,
RobecoSAM Global SDG Engagement Equities YEH CHF,LU2408969314,05-May-23,CHF,79.79,USD,1328235931.62,
RobecoSAM Global SDG Engagement Equities YE CHF,LU2408969231,05-May-23,CHF,77.78,USD,1328235931.62,
RobecoSAM US Green Bonds IH EUR,LU2352503143,05-May-23,EUR,86.06,USD,257229361.96,
RobecoSAM US Green Bonds SH EUR,LU2352503069,05-May-23,EUR,86.13,USD,257229361.96,
RobecoSAM US Green Bonds FH EUR,LU2352503226,05-May-23,EUR,86.00,USD,257229361.96,
RobecoSAM US Green Bonds DH EUR,LU2352503499,05-May-23,EUR,85.47,USD,257229361.96,
RobecoSAM US Green Bonds I USD,LU2352503572,05-May-23,USD,89.48,USD,257229361.96,
RobecoSAM US Green Bonds S USD,LU2352503655,05-May-23,USD,89.58,USD,257229361.96,
RobecoSAM US Green Bonds F USD,LU2352503739,05-May-23,USD,89.43,USD,257229361.96,
RobecoSAM US Green Bonds D USD,LU2352503812,05-May-23,USD,88.87,USD,257229361.96,
RobecoSAM US Green Bonds SH GBP,LU2360103332,05-May-23,GBP,88.04,USD,257229361.96,
RobecoSAM US Green Bonds SEH GBP,LU2417205601,05-May-23,GBP,87.38,USD,257229361.96,
RobecoSAM US Green Bonds SEH EUR,LU2489394945,05-May-23,EUR,9847.54,USD,257229361.96,
Robeco Next Digital Billion I EUR ,LU2368225913,05-May-23,EUR,50.40,USD,10219869.16,
Robeco Next Digital Billion F EUR ,LU2368226051,05-May-23,EUR,50.32,USD,10219869.16,
Robeco Next Digital Billion D EUR ,LU2368226135,05-May-23,EUR,49.66,USD,10219869.16,
Robeco Next Digital Billion I USD,LU2368226218,05-May-23,USD,46.92,USD,10219869.16,
Robeco Next Digital Billion F USD ,LU2368226309,05-May-23,USD,46.86,USD,10219869.16,
Robeco Next Digital Billion D USD,LU2368226481,05-May-23,USD,46.24,USD,10219869.16,
Robeco Next Digital Billion S EUR,LU2388484581,05-May-23,EUR,52.94,USD,10219869.16,
Robeco Next Digital Billion S USD,LU2388484409,05-May-23,USD,49.91,USD,10219869.16,
Robeco Next Digital Billion S CHF,LU2400458936,05-May-23,CHF,47.10,USD,10219869.16,
Robeco Next Digital Billion M2 EUR,LU2400459074,05-May-23,EUR,49.53,USD,10219869.16,
RobecoSAM QI Global SDG & Climate Beta Equities D EUR,LU2416558653,05-May-23,EUR,91.14,EUR,5891561.94,
RobecoSAM QI Global SDG & Climate Beta Equities F EUR,LU2416558737,05-May-23,EUR,91.46,EUR,5891561.94,
RobecoSAM QI Global SDG & Climate Beta Equities I EUR,LU2416558810,05-May-23,EUR,91.57,EUR,5891561.94,
RobecoSAM QI Global SDG & Climate Beta Equities D USD,LU2416559032,05-May-23,USD,88.98,EUR,5891561.94,
RobecoSAM QI Global SDG & Climate Beta Equities F USD,LU2416559115,05-May-23,USD,89.29,EUR,5891561.94,
RobecoSAM QI Global SDG & Climate Beta Equities I USD,LU2416559206,05-May-23,USD,89.40,EUR,5891561.94,
RobecoSAM QI Global SDG & Climate Beta Equities Z EUR,LU2539431655,05-May-23,EUR,103.82,EUR,5891561.94,
RobecoSAM QI Global SDG & Climate Beta Equities Z GBP,LU2539432208,05-May-23,GBP,104.07,EUR,5891561.94,
Robeco Sustainable Asian Bonds DH EUR,LU2465792708,05-May-23,EUR,97.57,USD,10452349.44,
Robeco Sustainable Asian Bonds FH EUR,LU2465792880,05-May-23,EUR,98.04,USD,10452349.44,
Robeco Sustainable Asian Bonds IH EUR,LU2465792963,05-May-23,EUR,98.12,USD,10452349.44,
Robeco Sustainable Asian Bonds BX USD,LU2465793003,05-May-23,USD,95.59,USD,10452349.44,
Robeco Sustainable Asian Bonds D USD,LU2465793185,05-May-23,USD,100.47,USD,10452349.44,
Robeco Sustainable Asian Bonds F USD,LU2465793268,05-May-23,USD,100.96,USD,10452349.44,
Robeco Sustainable Asian Bonds I USD,LU2465793342,05-May-23,USD,101.04,USD,10452349.44,
RobecoSAM QI Global SDG & Climate Multi-Factor Credits DH EUR,LU2470981197,05-May-23,EUR,96.20,EUR,9654013.67,
RobecoSAM QI Global SDG & Climate Multi-Factor Credits FH EUR,LU2470981353,05-May-23,EUR,96.47,EUR,9654013.67,
RobecoSAM QI Global SDG & Climate Multi-Factor Credits IH EUR,LU2470981437,05-May-23,EUR,96.54,EUR,9654013.67,
RobecoSAM QI Global SDG & Climate Multi-Factor Credits IH GBP,LU2470981510,05-May-23,GBP,97.87,EUR,9654013.67,
RobecoSAM QI Global SDG & Climate Multi-Factor Credits ZH GBP,LU2470981783,05-May-23,GBP,98.24,EUR,9654013.67,
RobecoSAM QI Global SDG & Climate Multi-Factor Credits DH USD,LU2470981866,05-May-23,USD,99.13,EUR,9654013.67,
RobecoSAM QI Global SDG & Climate Multi-Factor Credits FH USD,LU2470981940,05-May-23,USD,99.40,EUR,9654013.67,
RobecoSAM QI Global SDG & Climate Multi-Factor Credits IH USD,LU2470982088,05-May-23,USD,99.48,EUR,9654013.67,
RobecoSAM Net Zero 2050 Climate Equities D EUR,LU2496629259,05-May-23,EUR,103.25,EUR,3995465.93,
RobecoSAM Net Zero 2050 Climate Equities F EUR,LU2496629333,05-May-23,EUR,103.89,EUR,3995465.93,
RobecoSAM Net Zero 2050 Climate Equities I EUR,LU2496629416,05-May-23,EUR,103.95,EUR,3995465.93,
RobecoSAM Net Zero 2050 Climate Equities  S EUR,LU2496629507,05-May-23,EUR,103.92,EUR,3995465.93,
RobecoSAM Net Zero 2050 Climate Equities D USD,LU2496629689,05-May-23,USD,112.75,EUR,3995465.93,
RobecoSAM Net Zero 2050 Climate Equities F USD,LU2496629762,05-May-23,USD,113.48,EUR,3995465.93,
RobecoSAM Net Zero 2050 Climate Equities I USD,LU2496629846,05-May-23,USD,113.50,EUR,3995465.93,
RobecoSAM Net Zero 2050 Climate Equities S USD,LU2496630000,05-May-23,USD,113.48,EUR,3995465.93,
RobecoSAM Net Zero 2050 Climate Equities Z GBP,LU2539432976,05-May-23,GBP,104.89,EUR,3995465.93,
RobecoSAM Net Zero 2050 Climate Equities Z EUR,LU2554843115,05-May-23,EUR,100.93,EUR,3995465.93,
RobecoSAM Biodiversity Equities D EUR,LU2539440995,05-May-23,EUR,101.38,EUR,3560429.53,
RobecoSAM Biodiversity Equities F EUR,LU2539441027,05-May-23,EUR,101.77,EUR,3560429.53,
RobecoSAM Biodiversity Equities I EUR,LU2539441290,05-May-23,EUR,101.82,EUR,3560429.53,
RobecoSAM Biodiversity Equities Z GBP,LU2539441456,05-May-23,GBP,103.98,EUR,3560429.53,
RobecoSAM Biodiversity Equities D USD,LU2539441530,05-May-23,USD,112.90,EUR,3560429.53,
RobecoSAM Biodiversity Equities F USD,LU2539441613,05-May-23,USD,113.36,EUR,3560429.53,
RobecoSAM Biodiversity Equities I USD,LU2539441704,05-May-23,USD,113.39,EUR,3560429.53,
Robeco Quantum Equities D EUR,LU2545200128,05-May-23,EUR,97.95,EUR,4948148.88,
Robeco Quantum Equities F EUR,LU2545200391,05-May-23,EUR,98.13,EUR,4948148.88,
Robeco Quantum Equities I EUR,LU2545200474,05-May-23,EUR,98.15,EUR,4948148.88,
Robeco Quantum Equities D USD,LU2545200557,05-May-23,USD,105.27,EUR,4948148.88,
Robeco Quantum Equities F USD,LU2545200631,05-May-23,USD,105.47,EUR,4948148.88,
Robeco Quantum Equities I USD,LU2545200714,05-May-23,USD,105.49,EUR,4948148.88,
Robeco QI Global Developed Sustainable Beta Equities Fund EUR G,NL00150016R5,05-May-23,EUR,101.62,EUR,63066175.91,
Robeco QI Global Developed Sustainable Beta Equities Fund EUR X,NL00150016Q7,05-May-23,EUR,101.62,EUR,63066175.91,
Robeco QI Global Developed Sustainable Beta Equities Fund X2 EUR,NL0015001DV7,05-May-23,EUR,101.09,EUR,63066175.91,
Robeco QI US Sustainable Beta Equities Fund EUR G,NL00150016S3,05-May-23,EUR,99.55,EUR,4977444.49,
Robeco QI US Sustainable Beta Equities Fund EUR X,NL00150016T1,05-May-23,EUR,9954.93,EUR,4977444.49,
Robeco - Phoenix Customized Multi Asset Fund - EUR F,NL0015001B44,05-May-23,EUR,100.72,GBP,177494.53,
Robeco - Phoenix Customized Multi Asset Fund - GBP F,NL0015001B51,05-May-23,GBP,99.83,GBP,177494.53,
